solver,benchmark_file,problem_type,num_vars,num_clauses,status,cpu_time,elapsed_time,wall_time,peak_memory,decisions,unit_propagations,pure_eliminations,conflicts,learned_clauses,flips,restarts,verified
dpll_baseline,benchmarks/random_sat/random_3sat_100v_426c_01.cnf,random_3sat,100,426,TIMEOUT,59.950267049000004,60.00060405499971,60.00060405499971,248687,,,,,,,,
dpll_jw,benchmarks/random_sat/random_3sat_100v_426c_01.cnf,random_3sat,100,426,UNSAT,4.780395331999998,4.783808626001701,4.783808626001701,207735,1384,15631,274,,,,,
cdcl,benchmarks/random_sat/random_3sat_100v_426c_01.cnf,random_3sat,100,426,TIMEOUT,59.94530594499999,60.00082295600441,60.00082295600441,249975,,,,,,,,
walksat,benchmarks/random_sat/random_3sat_100v_426c_01.cnf,random_3sat,100,426,UNKNOWN,6.153606371000009,6.15854623499763,6.15854623499763,68689,,,,,,10000,1,
probsat,benchmarks/random_sat/random_3sat_100v_426c_01.cnf,random_3sat,100,426,UNKNOWN,10.062568726999984,10.068054082999879,10.068054082999879,68665,,,,,,10000,1,
dpll_baseline,benchmarks/random_sat/random_3sat_100v_426c_02.cnf,random_3sat,100,426,SAT,1.7168568059999814,1.7177190110014635,1.7177190110014635,223347,776,6134,165,,,,,True
dpll_jw,benchmarks/random_sat/random_3sat_100v_426c_02.cnf,random_3sat,100,426,SAT,4.214301165999984,4.2166624199962826,4.2166624199962826,245155,1277,14321,192,,,,,True
cdcl,benchmarks/random_sat/random_3sat_100v_426c_02.cnf,random_3sat,100,426,TIMEOUT,59.950648667999985,60.00138813400554,60.00138813400554,321091,,,,,,,,
walksat,benchmarks/random_sat/random_3sat_100v_426c_02.cnf,random_3sat,100,426,SAT,0.39900535000001014,0.399111571998219,0.399111571998219,68275,,,,,,651,0,True
probsat,benchmarks/random_sat/random_3sat_100v_426c_02.cnf,random_3sat,100,426,SAT,4.775650912000003,4.7781836340000154,4.7781836340000154,68259,,,,,,4606,0,True
dpll_baseline,benchmarks/random_sat/random_3sat_100v_426c_03.cnf,random_3sat,100,426,SAT,34.268811785,34.29258559700247,34.29258559700247,261511,11607,125084,1823,,,,,True
dpll_jw,benchmarks/random_sat/random_3sat_100v_426c_03.cnf,random_3sat,100,426,SAT,0.24094438899999204,0.24117403000127524,0.24117403000127524,202615,63,832,11,,,,,True
cdcl,benchmarks/random_sat/random_3sat_100v_426c_03.cnf,random_3sat,100,426,TIMEOUT,59.92961949899998,60.00126530799753,60.00126530799753,225303,,,,,,,,
walksat,benchmarks/random_sat/random_3sat_100v_426c_03.cnf,random_3sat,100,426,SAT,0.4110065780000127,0.4114822570045362,0.4114822570045362,68713,,,,,,524,0,True
probsat,benchmarks/random_sat/random_3sat_100v_426c_03.cnf,random_3sat,100,426,SAT,3.4965313890000402,3.5039700330016785,3.5039700330016785,68697,,,,,,2921,0,True
dpll_baseline,benchmarks/random_sat/random_3sat_100v_426c_04.cnf,random_3sat,100,426,SAT,3.575168063000035,3.5763750190017163,3.5763750190017163,252935,1871,17092,541,,,,,True
dpll_jw,benchmarks/random_sat/random_3sat_100v_426c_04.cnf,random_3sat,100,426,SAT,2.365402835999987,2.368486325998674,2.368486325998674,211399,739,8351,172,,,,,True
cdcl,benchmarks/random_sat/random_3sat_100v_426c_04.cnf,random_3sat,100,426,TIMEOUT,59.947696974999985,60.0013644080027,60.0013644080027,230935,,,,,,,,
walksat,benchmarks/random_sat/random_3sat_100v_426c_04.cnf,random_3sat,100,426,SAT,0.9259230910000156,0.9266258839998045,0.9266258839998045,68835,,,,,,1333,0,True
probsat,benchmarks/random_sat/random_3sat_100v_426c_04.cnf,random_3sat,100,426,SAT,5.594259363999981,5.597038491003332,5.597038491003332,68819,,,,,,5525,0,True
dpll_baseline,benchmarks/random_sat/random_3sat_100v_426c_05.cnf,random_3sat,100,426,SAT,11.451538383000013,11.456680577000952,11.456680577000952,244695,4238,41214,862,,,,,True
dpll_jw,benchmarks/random_sat/random_3sat_100v_426c_05.cnf,random_3sat,100,426,SAT,0.7193305449999912,0.7196574159970623,0.7196574159970623,205071,220,2235,42,,,,,True
cdcl,benchmarks/random_sat/random_3sat_100v_426c_05.cnf,random_3sat,100,426,TIMEOUT,59.965977673,60.00121284100169,60.00121284100169,197695,,,,,,,,
walksat,benchmarks/random_sat/random_3sat_100v_426c_05.cnf,random_3sat,100,426,SAT,0.43248294399995757,0.43249904199910816,0.43249904199910816,68993,,,,,,682,0,True
probsat,benchmarks/random_sat/random_3sat_100v_426c_05.cnf,random_3sat,100,426,SAT,0.6706741649999799,0.670800337997207,0.670800337997207,68993,,,,,,668,0,True
dpll_baseline,benchmarks/random_sat/random_3sat_100v_426c_06.cnf,random_3sat,100,426,SAT,1.1803271379999956,1.1804999160012812,1.1804999160012812,242251,562,5431,145,,,,,True
dpll_jw,benchmarks/random_sat/random_3sat_100v_426c_06.cnf,random_3sat,100,426,SAT,1.9241934380000316,1.925483273997088,1.925483273997088,224675,520,6098,111,,,,,True
cdcl,benchmarks/random_sat/random_3sat_100v_426c_06.cnf,random_3sat,100,426,TIMEOUT,59.97016587400003,60.00140487900353,60.00140487900353,219747,,,,,,,,
walksat,benchmarks/random_sat/random_3sat_100v_426c_06.cnf,random_3sat,100,426,SAT,0.2775506460000088,0.2777397230020142,0.2777397230020142,69189,,,,,,464,0,True
probsat,benchmarks/random_sat/random_3sat_100v_426c_06.cnf,random_3sat,100,426,SAT,0.30060560699996586,0.30064710700389696,0.30064710700389696,69189,,,,,,297,0,True
dpll_baseline,benchmarks/random_sat/random_3sat_100v_426c_07.cnf,random_3sat,100,426,SAT,4.337168452000014,4.338070753001375,4.338070753001375,240423,1669,18055,69,,,,,True
dpll_jw,benchmarks/random_sat/random_3sat_100v_426c_07.cnf,random_3sat,100,426,SAT,0.9326085359999752,0.9327538360012113,0.9327538360012113,211343,276,3160,66,,,,,True
cdcl,benchmarks/random_sat/random_3sat_100v_426c_07.cnf,random_3sat,100,426,TIMEOUT,59.966929962999984,60.00127159299882,60.00127159299882,208807,,,,,,,,
walksat,benchmarks/random_sat/random_3sat_100v_426c_07.cnf,random_3sat,100,426,SAT,0.13304738900001212,0.1330689979949966,0.1330689979949966,68711,,,,,,225,0,True
probsat,benchmarks/random_sat/random_3sat_100v_426c_07.cnf,random_3sat,100,426,SAT,0.5576963270000306,0.5582365289956215,0.5582365289956215,68711,,,,,,483,0,True
dpll_baseline,benchmarks/random_sat/random_3sat_100v_426c_08.cnf,random_3sat,100,426,SAT,37.99520745699999,38.02613970100356,38.02613970100356,256215,15226,136165,2789,,,,,True
dpll_jw,benchmarks/random_sat/random_3sat_100v_426c_08.cnf,random_3sat,100,426,SAT,0.16924575199993797,0.16926310400594957,0.16926310400594957,210927,71,578,27,,,,,True
cdcl,benchmarks/random_sat/random_3sat_100v_426c_08.cnf,random_3sat,100,426,TIMEOUT,59.973396193999974,60.00134196499857,60.00134196499857,211887,,,,,,,,
walksat,benchmarks/random_sat/random_3sat_100v_426c_08.cnf,random_3sat,100,426,SAT,0.8320339000000558,0.832803758996306,0.832803758996306,67479,,,,,,1359,0,True
probsat,benchmarks/random_sat/random_3sat_100v_426c_08.cnf,random_3sat,100,426,SAT,0.2105678089999401,0.21059136700205272,0.21059136700205272,67479,,,,,,209,0,True
dpll_baseline,benchmarks/random_sat/random_3sat_100v_426c_09.cnf,random_3sat,100,426,UNSAT,51.20238987000005,51.237053617995116,51.237053617995116,240251,18652,179073,2057,,,,,
dpll_jw,benchmarks/random_sat/random_3sat_100v_426c_09.cnf,random_3sat,100,426,UNSAT,6.350173839999911,6.35316302299907,6.35316302299907,236459,1880,21611,305,,,,,
cdcl,benchmarks/random_sat/random_3sat_100v_426c_09.cnf,random_3sat,100,426,TIMEOUT,59.973234899999966,60.00182319399755,60.00182319399755,250819,,,,,,,,
walksat,benchmarks/random_sat/random_3sat_100v_426c_09.cnf,random_3sat,100,426,UNKNOWN,6.082454468000037,6.085139934002655,6.085139934002655,67961,,,,,,10000,1,
probsat,benchmarks/random_sat/random_3sat_100v_426c_09.cnf,random_3sat,100,426,UNKNOWN,9.83704315500006,9.841270331002306,9.841270331002306,67961,,,,,,10000,1,
dpll_baseline,benchmarks/random_sat/random_3sat_100v_426c_10.cnf,random_3sat,100,426,SAT,19.303678105000017,19.31110975900083,19.31110975900083,239627,7008,69894,375,,,,,True
dpll_jw,benchmarks/random_sat/random_3sat_100v_426c_10.cnf,random_3sat,100,426,SAT,3.4622531310000113,3.4657943159982096,3.4657943159982096,222963,1062,11884,143,,,,,True
cdcl,benchmarks/random_sat/random_3sat_100v_426c_10.cnf,random_3sat,100,426,TIMEOUT,59.96596317199999,60.00159801099653,60.00159801099653,221203,,,,,,,,
walksat,benchmarks/random_sat/random_3sat_100v_426c_10.cnf,random_3sat,100,426,UNKNOWN,6.302312220999966,6.305375998999807,6.305375998999807,69079,,,,,,10000,1,
probsat,benchmarks/random_sat/random_3sat_100v_426c_10.cnf,random_3sat,100,426,SAT,6.603335173000005,6.607816151998122,6.607816151998122,69079,,,,,,6513,0,True
dpll_baseline,benchmarks/random_sat/random_3sat_100v_426c_11.cnf,random_3sat,100,426,TIMEOUT,59.97805696399996,60.001138953004556,60.001138953004556,251663,,,,,,,,
dpll_jw,benchmarks/random_sat/random_3sat_100v_426c_11.cnf,random_3sat,100,426,UNSAT,6.944506690000026,6.947202768998977,6.947202768998977,226159,2146,21868,238,,,,,
cdcl,benchmarks/random_sat/random_3sat_100v_426c_11.cnf,random_3sat,100,426,TIMEOUT,59.9622953789999,60.00191436499881,60.00191436499881,262855,,,,,,,,
walksat,benchmarks/random_sat/random_3sat_100v_426c_11.cnf,random_3sat,100,426,UNKNOWN,6.086056233999898,6.087409484003729,6.087409484003729,69609,,,,,,10000,1,
probsat,benchmarks/random_sat/random_3sat_100v_426c_11.cnf,random_3sat,100,426,UNKNOWN,10.099660314999937,10.116738723998424,10.116738723998424,69609,,,,,,10000,1,
dpll_baseline,benchmarks/random_sat/random_3sat_100v_426c_12.cnf,random_3sat,100,426,TIMEOUT,59.97067708199984,60.00112824799726,60.00112824799726,251535,,,,,,,,
dpll_jw,benchmarks/random_sat/random_3sat_100v_426c_12.cnf,random_3sat,100,426,UNSAT,6.7015091380001195,6.708095588001015,6.708095588001015,219751,1836,20383,242,,,,,
cdcl,benchmarks/random_sat/random_3sat_100v_426c_12.cnf,random_3sat,100,426,TIMEOUT,59.984158565999905,60.00160278099793,60.00160278099793,200671,,,,,,,,
walksat,benchmarks/random_sat/random_3sat_100v_426c_12.cnf,random_3sat,100,426,UNKNOWN,6.148941161000039,6.152342509005393,6.152342509005393,69219,,,,,,10000,1,
probsat,benchmarks/random_sat/random_3sat_100v_426c_12.cnf,random_3sat,100,426,UNKNOWN,10.210288611999886,10.214902892999817,10.214902892999817,69219,,,,,,10000,1,
dpll_baseline,benchmarks/random_sat/random_3sat_100v_426c_13.cnf,random_3sat,100,426,UNSAT,59.87524726300012,59.94724924700131,59.94724924700131,240951,22834,209410,4010,,,,,
dpll_jw,benchmarks/random_sat/random_3sat_100v_426c_13.cnf,random_3sat,100,426,UNSAT,8.433720055999856,8.440460211000754,8.440460211000754,223223,2706,28451,638,,,,,
cdcl,benchmarks/random_sat/random_3sat_100v_426c_13.cnf,random_3sat,100,426,TIMEOUT,59.962695181999834,60.002218215995526,60.002218215995526,320551,,,,,,,,
walksat,benchmarks/random_sat/random_3sat_100v_426c_13.cnf,random_3sat,100,426,UNKNOWN,6.167084368999895,6.169297916996584,6.169297916996584,68993,,,,,,10000,1,
probsat,benchmarks/random_sat/random_3sat_100v_426c_13.cnf,random_3sat,100,426,UNKNOWN,10.054122237000001,10.059723559003032,10.059723559003032,68993,,,,,,10000,1,
dpll_baseline,benchmarks/random_sat/random_3sat_100v_426c_14.cnf,random_3sat,100,426,SAT,1.2809322369998881,1.2813883749986417,1.2813883749986417,255975,577,5928,157,,,,,True
dpll_jw,benchmarks/random_sat/random_3sat_100v_426c_14.cnf,random_3sat,100,426,SAT,0.21527423399993495,0.2153356100025121,0.2153356100025121,202055,66,725,28,,,,,True
cdcl,benchmarks/random_sat/random_3sat_100v_426c_14.cnf,random_3sat,100,426,TIMEOUT,59.97132233100001,60.00149125000462,60.00149125000462,195543,,,,,,,,
walksat,benchmarks/random_sat/random_3sat_100v_426c_14.cnf,random_3sat,100,426,SAT,1.3016223929998887,1.302912480001396,1.302912480001396,69329,,,,,,2120,0,True
probsat,benchmarks/random_sat/random_3sat_100v_426c_14.cnf,random_3sat,100,426,SAT,0.24749134600006073,0.24915409000095678,0.24915409000095678,69329,,,,,,231,0,True
dpll_baseline,benchmarks/random_sat/random_3sat_100v_426c_15.cnf,random_3sat,100,426,UNSAT,31.473704719999887,31.49012088499876,31.49012088499876,250659,11956,114734,1019,,,,,
dpll_jw,benchmarks/random_sat/random_3sat_100v_426c_15.cnf,random_3sat,100,426,UNSAT,5.369847139000058,5.3711263840014,5.3711263840014,218739,1548,17323,156,,,,,
cdcl,benchmarks/random_sat/random_3sat_100v_426c_15.cnf,random_3sat,100,426,TIMEOUT,59.97481730200002,60.00143831800233,60.00143831800233,198811,,,,,,,,
walksat,benchmarks/random_sat/random_3sat_100v_426c_15.cnf,random_3sat,100,426,UNKNOWN,6.056304197999907,6.058765188994585,6.058765188994585,68013,,,,,,10000,1,
probsat,benchmarks/random_sat/random_3sat_100v_426c_15.cnf,random_3sat,100,426,UNKNOWN,9.994653047999918,10.002552575999289,10.002552575999289,68013,,,,,,10000,1,
dpll_baseline,benchmarks/random_sat/random_3sat_100v_426c_16.cnf,random_3sat,100,426,SAT,9.806248696000011,9.808649981998315,9.808649981998315,250523,4080,39765,959,,,,,True
dpll_jw,benchmarks/random_sat/random_3sat_100v_426c_16.cnf,random_3sat,100,426,SAT,2.1313057470001695,2.133122158003971,2.133122158003971,225419,717,7855,184,,,,,True
cdcl,benchmarks/random_sat/random_3sat_100v_426c_16.cnf,random_3sat,100,426,TIMEOUT,59.95308648100013,60.00175116799801,60.00175116799801,217907,,,,,,,,
walksat,benchmarks/random_sat/random_3sat_100v_426c_16.cnf,random_3sat,100,426,SAT,3.662950249000005,3.663981038000202,3.663981038000202,68351,,,,,,6073,0,True
probsat,benchmarks/random_sat/random_3sat_100v_426c_16.cnf,random_3sat,100,426,SAT,0.7025789950000672,0.7027178950011148,0.7027178950011148,68351,,,,,,705,0,True
dpll_baseline,benchmarks/random_sat/random_3sat_100v_426c_17.cnf,random_3sat,100,426,SAT,12.236062916000037,12.24143081800139,12.24143081800139,221563,3855,42412,563,,,,,True
dpll_jw,benchmarks/random_sat/random_3sat_100v_426c_17.cnf,random_3sat,100,426,SAT,0.6385668410000562,0.6391088660020614,0.6391088660020614,203019,186,2356,47,,,,,True
cdcl,benchmarks/random_sat/random_3sat_100v_426c_17.cnf,random_3sat,100,426,TIMEOUT,59.973390295999934,60.00165304700204,60.00165304700204,206851,,,,,,,,
walksat,benchmarks/random_sat/random_3sat_100v_426c_17.cnf,random_3sat,100,426,SAT,0.7439212910001061,0.7442982630018378,0.7442982630018378,67625,,,,,,1208,0,True
probsat,benchmarks/random_sat/random_3sat_100v_426c_17.cnf,random_3sat,100,426,SAT,0.39157462700018186,0.3919228849990759,0.3919228849990759,67625,,,,,,379,0,True
dpll_baseline,benchmarks/random_sat/random_3sat_100v_426c_18.cnf,random_3sat,100,426,SAT,16.711631861999876,16.728103986999486,16.728103986999486,249251,6375,59364,663,,,,,True
dpll_jw,benchmarks/random_sat/random_3sat_100v_426c_18.cnf,random_3sat,100,426,SAT,1.7526916720000827,1.7547274429962272,1.7547274429962272,214939,438,5487,75,,,,,True
cdcl,benchmarks/random_sat/random_3sat_100v_426c_18.cnf,random_3sat,100,426,TIMEOUT,59.949380035999866,60.00160122100351,60.00160122100351,192675,,,,,,,,
walksat,benchmarks/random_sat/random_3sat_100v_426c_18.cnf,random_3sat,100,426,UNKNOWN,6.162038817000166,6.163769386999775,6.163769386999775,68967,,,,,,10000,1,
probsat,benchmarks/random_sat/random_3sat_100v_426c_18.cnf,random_3sat,100,426,SAT,8.837602813999865,8.840973087004386,8.840973087004386,68967,,,,,,8649,0,True
dpll_baseline,benchmarks/random_sat/random_3sat_100v_426c_19.cnf,random_3sat,100,426,SAT,29.12898342099993,29.151758100000734,29.151758100000734,269271,10185,101143,1182,,,,,True
dpll_jw,benchmarks/random_sat/random_3sat_100v_426c_19.cnf,random_3sat,100,426,SAT,2.1866511780001474,2.187135979998857,2.187135979998857,232199,679,7080,118,,,,,True
cdcl,benchmarks/random_sat/random_3sat_100v_426c_19.cnf,random_3sat,100,426,TIMEOUT,59.971568471999944,60.00177654999425,60.00177654999425,201023,,,,,,,,
walksat,benchmarks/random_sat/random_3sat_100v_426c_19.cnf,random_3sat,100,426,SAT,3.2634997440000006,3.2640972750014043,3.2640972750014043,68547,,,,,,5268,0,True
probsat,benchmarks/random_sat/random_3sat_100v_426c_19.cnf,random_3sat,100,426,SAT,1.3752569040000253,1.3753673399987747,1.3753673399987747,68547,,,,,,1376,0,True
dpll_baseline,benchmarks/random_sat/random_3sat_100v_426c_20.cnf,random_3sat,100,426,TIMEOUT,59.970044014999985,60.001198140998895,60.001198140998895,263843,,,,,,,,
dpll_jw,benchmarks/random_sat/random_3sat_100v_426c_20.cnf,random_3sat,100,426,UNSAT,9.081892804000063,9.087122283999634,9.087122283999634,229731,2892,32369,457,,,,,
cdcl,benchmarks/random_sat/random_3sat_100v_426c_20.cnf,random_3sat,100,426,TIMEOUT,59.977344080999956,60.00187405599718,60.00187405599718,217851,,,,,,,,
walksat,benchmarks/random_sat/random_3sat_100v_426c_20.cnf,random_3sat,100,426,UNKNOWN,6.291421319000165,6.296977459001937,6.296977459001937,68853,,,,,,10000,1,
probsat,benchmarks/random_sat/random_3sat_100v_426c_20.cnf,random_3sat,100,426,UNKNOWN,10.032448036999995,10.036192861000018,10.036192861000018,68853,,,,,,10000,1,
dpll_baseline,benchmarks/random_sat/random_3sat_150v_639c_01.cnf,random_3sat,150,639,TIMEOUT,59.962506516000076,60.003068464000535,60.003068464000535,423515,,,,,,,,
dpll_jw,benchmarks/random_sat/random_3sat_150v_639c_01.cnf,random_3sat,150,639,TIMEOUT,59.98195152900007,60.0017084430001,60.0017084430001,400795,,,,,,,,
cdcl,benchmarks/random_sat/random_3sat_150v_639c_01.cnf,random_3sat,150,639,TIMEOUT,59.95319915000027,60.002387587002886,60.002387587002886,295455,,,,,,,,
walksat,benchmarks/random_sat/random_3sat_150v_639c_01.cnf,random_3sat,150,639,UNKNOWN,9.627317096999832,9.635429255999043,9.635429255999043,98957,,,,,,10000,1,
probsat,benchmarks/random_sat/random_3sat_150v_639c_01.cnf,random_3sat,150,639,UNKNOWN,15.410516273999747,15.427505949999613,15.427505949999613,98957,,,,,,10000,1,
dpll_baseline,benchmarks/random_sat/random_3sat_150v_639c_02.cnf,random_3sat,150,639,TIMEOUT,59.96546805300022,60.00173817600444,60.00173817600444,435443,,,,,,,,
dpll_jw,benchmarks/random_sat/random_3sat_150v_639c_02.cnf,random_3sat,150,639,TIMEOUT,59.9653070039999,60.001775340002496,60.001775340002496,437475,,,,,,,,
cdcl,benchmarks/random_sat/random_3sat_150v_639c_02.cnf,random_3sat,150,639,TIMEOUT,59.96840956999995,60.00488372799737,60.00488372799737,648359,,,,,,,,
walksat,benchmarks/random_sat/random_3sat_150v_639c_02.cnf,random_3sat,150,639,UNKNOWN,9.018070284999794,9.02025629900163,9.02025629900163,97615,,,,,,10000,1,
probsat,benchmarks/random_sat/random_3sat_150v_639c_02.cnf,random_3sat,150,639,UNKNOWN,14.760191088999818,14.769501251001202,14.769501251001202,97615,,,,,,10000,1,
dpll_baseline,benchmarks/random_sat/random_3sat_150v_639c_03.cnf,random_3sat,150,639,TIMEOUT,59.96915835200025,60.00177253899892,60.00177253899892,381979,,,,,,,,
dpll_jw,benchmarks/random_sat/random_3sat_150v_639c_03.cnf,random_3sat,150,639,TIMEOUT,59.943811490999906,60.00361269299901,60.00361269299901,408899,,,,,,,,
cdcl,benchmarks/random_sat/random_3sat_150v_639c_03.cnf,random_3sat,150,639,TIMEOUT,59.963066678999894,60.00299469500169,60.00299469500169,323351,,,,,,,,
walksat,benchmarks/random_sat/random_3sat_150v_639c_03.cnf,random_3sat,150,639,UNKNOWN,9.717612948999886,9.728173162999155,9.728173162999155,98565,,,,,,10000,1,
probsat,benchmarks/random_sat/random_3sat_150v_639c_03.cnf,random_3sat,150,639,UNKNOWN,15.508258839000064,15.514617308996094,15.514617308996094,98565,,,,,,10000,1,
dpll_baseline,benchmarks/random_sat/random_3sat_150v_639c_04.cnf,random_3sat,150,639,TIMEOUT,59.96944141799986,60.0019699839977,60.0019699839977,379203,,,,,,,,
dpll_jw,benchmarks/random_sat/random_3sat_150v_639c_04.cnf,random_3sat,150,639,TIMEOUT,59.966701247999936,60.00191311600065,60.00191311600065,413027,,,,,,,,
cdcl,benchmarks/random_sat/random_3sat_150v_639c_04.cnf,random_3sat,150,639,TIMEOUT,59.96022137099999,60.00273602800007,60.00273602800007,421271,,,,,,,,
walksat,benchmarks/random_sat/random_3sat_150v_639c_04.cnf,random_3sat,150,639,SAT,0.7717663299999913,0.7720147090003593,0.7720147090003593,98573,,,,,,821,0,True
probsat,benchmarks/random_sat/random_3sat_150v_639c_04.cnf,random_3sat,150,639,UNKNOWN,15.87336631900007,15.879806436001672,15.879806436001672,98573,,,,,,10000,1,
dpll_baseline,benchmarks/random_sat/random_3sat_150v_639c_05.cnf,random_3sat,150,639,TIMEOUT,59.94667100700008,60.002599840001494,60.002599840001494,413875,,,,,,,,
dpll_jw,benchmarks/random_sat/random_3sat_150v_639c_05.cnf,random_3sat,150,639,TIMEOUT,59.947102234999875,60.00164704200142,60.00164704200142,395979,,,,,,,,
cdcl,benchmarks/random_sat/random_3sat_150v_639c_05.cnf,random_3sat,150,639,TIMEOUT,59.97680119500001,60.0026247440037,60.0026247440037,287111,,,,,,,,
walksat,benchmarks/random_sat/random_3sat_150v_639c_05.cnf,random_3sat,150,639,SAT,3.6886015189998034,3.689917105002678,3.689917105002678,96889,,,,,,3956,0,True
probsat,benchmarks/random_sat/random_3sat_150v_639c_05.cnf,random_3sat,150,639,SAT,0.8634065819996977,0.863624116005667,0.863624116005667,96889,,,,,,573,0,True
dpll_baseline,benchmarks/random_sat/random_3sat_150v_639c_06.cnf,random_3sat,150,639,TIMEOUT,59.97451716000023,60.0020188999988,60.0020188999988,447587,,,,,,,,
dpll_jw,benchmarks/random_sat/random_3sat_150v_639c_06.cnf,random_3sat,150,639,TIMEOUT,59.97809130600035,60.0021009330012,60.0021009330012,386099,,,,,,,,
cdcl,benchmarks/random_sat/random_3sat_150v_639c_06.cnf,random_3sat,150,639,TIMEOUT,59.96452584000008,60.003741833003005,60.003741833003005,463279,,,,,,,,
walksat,benchmarks/random_sat/random_3sat_150v_639c_06.cnf,random_3sat,150,639,SAT,4.87212479999971,4.873381845005497,4.873381845005497,97841,,,,,,5323,0,True
probsat,benchmarks/random_sat/random_3sat_150v_639c_06.cnf,random_3sat,150,639,SAT,8.629790584000148,8.634448075994442,8.634448075994442,97841,,,,,,5639,0,True
dpll_baseline,benchmarks/random_sat/random_3sat_150v_639c_07.cnf,random_3sat,150,639,TIMEOUT,59.96700544799978,60.00183310099965,60.00183310099965,448683,,,,,,,,
dpll_jw,benchmarks/random_sat/random_3sat_150v_639c_07.cnf,random_3sat,150,639,SAT,17.913951676000124,17.92365991200495,17.92365991200495,396163,2816,41683,459,,,,,True
cdcl,benchmarks/random_sat/random_3sat_150v_639c_07.cnf,random_3sat,150,639,TIMEOUT,59.97475015300006,60.002750398998614,60.002750398998614,308383,,,,,,,,
walksat,benchmarks/random_sat/random_3sat_150v_639c_07.cnf,random_3sat,150,639,UNKNOWN,9.978471421999984,9.994844549997651,9.994844549997651,98454,,,,,,10000,1,
probsat,benchmarks/random_sat/random_3sat_150v_639c_07.cnf,random_3sat,150,639,SAT,7.508184707000055,7.516068748998805,7.516068748998805,98513,,,,,,4702,0,True
dpll_baseline,benchmarks/random_sat/random_3sat_150v_639c_08.cnf,random_3sat,150,639,TIMEOUT,59.96452401799979,60.00312349899468,60.00312349899468,412387,,,,,,,,
dpll_jw,benchmarks/random_sat/random_3sat_150v_639c_08.cnf,random_3sat,150,639,TIMEOUT,59.97097400199982,60.00194905800163,60.00194905800163,405667,,,,,,,,
cdcl,benchmarks/random_sat/random_3sat_150v_639c_08.cnf,random_3sat,150,639,TIMEOUT,59.981465587,60.00313078399631,60.00313078399631,345015,,,,,,,,
walksat,benchmarks/random_sat/random_3sat_150v_639c_08.cnf,random_3sat,150,639,UNKNOWN,9.086181918999955,9.08965923100186,9.08965923100186,97617,,,,,,10000,1,
probsat,benchmarks/random_sat/random_3sat_150v_639c_08.cnf,random_3sat,150,639,UNKNOWN,14.844116816000223,14.84779079600412,14.84779079600412,97617,,,,,,10000,1,
dpll_baseline,benchmarks/random_sat/random_3sat_150v_639c_09.cnf,random_3sat,150,639,TIMEOUT,59.976077540000006,60.002014925004914,60.002014925004914,408583,,,,,,,,
dpll_jw,benchmarks/random_sat/random_3sat_150v_639c_09.cnf,random_3sat,150,639,SAT,45.261861065000176,45.28282250800112,45.28282250800112,455743,8153,114988,2602,,,,,True
cdcl,benchmarks/random_sat/random_3sat_150v_639c_09.cnf,random_3sat,150,639,TIMEOUT,59.97021601100005,60.002546418996644,60.002546418996644,284427,,,,,,,,
walksat,benchmarks/random_sat/random_3sat_150v_639c_09.cnf,random_3sat,150,639,SAT,5.674859212999763,5.676609746995382,5.676609746995382,98593,,,,,,6084,0,True
probsat,benchmarks/random_sat/random_3sat_150v_639c_09.cnf,random_3sat,150,639,SAT,0.9048752170001535,0.9051441640040139,0.9051441640040139,98593,,,,,,600,0,True
dpll_baseline,benchmarks/random_sat/random_3sat_150v_639c_10.cnf,random_3sat,150,639,TIMEOUT,59.943436627999745,60.00188098499348,60.00188098499348,408595,,,,,,,,
dpll_jw,benchmarks/random_sat/random_3sat_150v_639c_10.cnf,random_3sat,150,639,TIMEOUT,59.94835429700015,60.00284822699905,60.00284822699905,387363,,,,,,,,
cdcl,benchmarks/random_sat/random_3sat_150v_639c_10.cnf,random_3sat,150,639,TIMEOUT,59.97284172499985,60.00324128799548,60.00324128799548,359567,,,,,,,,
walksat,benchmarks/random_sat/random_3sat_150v_639c_10.cnf,random_3sat,150,639,SAT,1.6259853530000328,1.626183537999168,1.626183537999168,98401,,,,,,1703,0,True
probsat,benchmarks/random_sat/random_3sat_150v_639c_10.cnf,random_3sat,150,639,UNKNOWN,15.23668862600016,15.243534731998807,15.243534731998807,98401,,,,,,10000,1,
dpll_baseline,benchmarks/random_sat/random_3sat_150v_639c_11.cnf,random_3sat,150,639,TIMEOUT,59.970618949000254,60.002121901001374,60.002121901001374,421047,,,,,,,,
dpll_jw,benchmarks/random_sat/random_3sat_150v_639c_11.cnf,random_3sat,150,639,TIMEOUT,59.968017816000156,60.001955842002644,60.001955842002644,379575,,,,,,,,
cdcl,benchmarks/random_sat/random_3sat_150v_639c_11.cnf,random_3sat,150,639,TIMEOUT,59.98165332000053,60.00353238899697,60.00353238899697,298947,,,,,,,,
walksat,benchmarks/random_sat/random_3sat_150v_639c_11.cnf,random_3sat,150,639,SAT,0.7458608440001626,0.7470437619995209,0.7470437619995209,98319,,,,,,724,0,True
probsat,benchmarks/random_sat/random_3sat_150v_639c_11.cnf,random_3sat,150,639,SAT,3.207074783999815,3.2079216620040825,3.2079216620040825,98319,,,,,,2149,0,True
dpll_baseline,benchmarks/random_sat/random_3sat_150v_639c_12.cnf,random_3sat,150,639,TIMEOUT,59.965477347999695,60.00207523300196,60.00207523300196,426523,,,,,,,,
dpll_jw,benchmarks/random_sat/random_3sat_150v_639c_12.cnf,random_3sat,150,639,SAT,17.90622475500004,17.918771415002993,17.918771415002993,383667,2967,43114,609,,,,,True
cdcl,benchmarks/random_sat/random_3sat_150v_639c_12.cnf,random_3sat,150,639,TIMEOUT,59.966533560000244,60.00316583200038,60.00316583200038,313503,,,,,,,,
walksat,benchmarks/random_sat/random_3sat_150v_639c_12.cnf,random_3sat,150,639,UNKNOWN,9.270115518000239,9.277586464006163,9.277586464006163,98289,,,,,,10000,1,
probsat,benchmarks/random_sat/random_3sat_150v_639c_12.cnf,random_3sat,150,639,SAT,2.3307788940001046,2.3311662880005315,2.3311662880005315,98289,,,,,,1574,0,True
dpll_baseline,benchmarks/random_sat/random_3sat_150v_639c_13.cnf,random_3sat,150,639,TIMEOUT,59.968654142999185,60.00214374100324,60.00214374100324,437995,,,,,,,,
dpll_jw,benchmarks/random_sat/random_3sat_150v_639c_13.cnf,random_3sat,150,639,SAT,12.389002255000378,12.393426454000291,12.393426454000291,383947,2108,30200,530,,,,,True
cdcl,benchmarks/random_sat/random_3sat_150v_639c_13.cnf,random_3sat,150,639,TIMEOUT,59.97446638600013,60.00433519400394,60.00433519400394,513967,,,,,,,,
walksat,benchmarks/random_sat/random_3sat_150v_639c_13.cnf,random_3sat,150,639,SAT,4.505307129000357,4.506161042001622,4.506161042001622,98285,,,,,,4988,0,True
probsat,benchmarks/random_sat/random_3sat_150v_639c_13.cnf,random_3sat,150,639,SAT,2.215089598999839,2.2152816229936434,2.2152816229936434,98285,,,,,,1501,0,True
dpll_baseline,benchmarks/random_sat/random_3sat_150v_639c_14.cnf,random_3sat,150,639,TIMEOUT,59.974880943000244,60.00217541099846,60.00217541099846,410315,,,,,,,,
dpll_jw,benchmarks/random_sat/random_3sat_150v_639c_14.cnf,random_3sat,150,639,SAT,11.433883061000415,11.437715352003579,11.437715352003579,382315,1872,26832,388,,,,,True
cdcl,benchmarks/random_sat/random_3sat_150v_639c_14.cnf,random_3sat,150,639,TIMEOUT,59.972877426000196,60.00363536400255,60.00363536400255,347743,,,,,,,,
walksat,benchmarks/random_sat/random_3sat_150v_639c_14.cnf,random_3sat,150,639,UNKNOWN,9.275562132000232,9.278354197995213,9.278354197995213,99185,,,,,,10000,1,
probsat,benchmarks/random_sat/random_3sat_150v_639c_14.cnf,random_3sat,150,639,UNKNOWN,15.212961344999712,15.229577509999217,15.229577509999217,99185,,,,,,10000,1,
dpll_baseline,benchmarks/random_sat/random_3sat_150v_639c_15.cnf,random_3sat,150,639,TIMEOUT,59.93889235499955,60.00207301100454,60.00207301100454,408403,,,,,,,,
dpll_jw,benchmarks/random_sat/random_3sat_150v_639c_15.cnf,random_3sat,150,639,TIMEOUT,59.97102002799966,60.001999084001,60.001999084001,392499,,,,,,,,
cdcl,benchmarks/random_sat/random_3sat_150v_639c_15.cnf,random_3sat,150,639,TIMEOUT,59.97984131299927,60.00372823600628,60.00372823600628,401855,,,,,,,,
walksat,benchmarks/random_sat/random_3sat_150v_639c_15.cnf,random_3sat,150,639,UNKNOWN,9.22148877699965,9.224435354000889,9.224435354000889,98509,,,,,,10000,1,
probsat,benchmarks/random_sat/random_3sat_150v_639c_15.cnf,random_3sat,150,639,UNKNOWN,15.336881144999097,15.342668293997122,15.342668293997122,98509,,,,,,10000,1,
dpll_baseline,benchmarks/random_sat/random_3sat_150v_639c_16.cnf,random_3sat,150,639,SAT,2.1651611750003212,2.1657153329942957,2.1657153329942957,366847,412,5774,58,,,,,True
dpll_jw,benchmarks/random_sat/random_3sat_150v_639c_16.cnf,random_3sat,150,639,SAT,24.197117255000194,24.208713715997874,24.208713715997874,415615,4200,59608,1044,,,,,True
cdcl,benchmarks/random_sat/random_3sat_150v_639c_16.cnf,random_3sat,150,639,TIMEOUT,59.97687449800014,60.00312357900111,60.00312357900111,297211,,,,,,,,
walksat,benchmarks/random_sat/random_3sat_150v_639c_16.cnf,random_3sat,150,639,SAT,2.412994647999767,2.4148025620015687,2.4148025620015687,97979,,,,,,2482,0,True
probsat,benchmarks/random_sat/random_3sat_150v_639c_16.cnf,random_3sat,150,639,SAT,12.241110392999872,12.244359035998059,12.244359035998059,97979,,,,,,8045,0,True
dpll_baseline,benchmarks/random_sat/random_3sat_150v_639c_17.cnf,random_3sat,150,639,TIMEOUT,59.977900597999906,60.002222501003416,60.002222501003416,420067,,,,,,,,
dpll_jw,benchmarks/random_sat/random_3sat_150v_639c_17.cnf,random_3sat,150,639,TIMEOUT,59.97528930699991,60.00206228400202,60.00206228400202,449003,,,,,,,,
cdcl,benchmarks/random_sat/random_3sat_150v_639c_17.cnf,random_3sat,150,639,TIMEOUT,59.98418406499968,60.00427907700214,60.00427907700214,393423,,,,,,,,
walksat,benchmarks/random_sat/random_3sat_150v_639c_17.cnf,random_3sat,150,639,UNKNOWN,9.386041829000533,9.389695819001645,9.389695819001645,98063,,,,,,10000,1,
probsat,benchmarks/random_sat/random_3sat_150v_639c_17.cnf,random_3sat,150,639,UNKNOWN,14.989486739999847,14.994154359003005,14.994154359003005,98063,,,,,,10000,1,
dpll_baseline,benchmarks/random_sat/random_3sat_150v_639c_18.cnf,random_3sat,150,639,TIMEOUT,59.97269699499975,60.002091092996125,60.002091092996125,458015,,,,,,,,
dpll_jw,benchmarks/random_sat/random_3sat_150v_639c_18.cnf,random_3sat,150,639,TIMEOUT,59.97308521800005,60.00215658900561,60.00215658900561,392295,,,,,,,,
cdcl,benchmarks/random_sat/random_3sat_150v_639c_18.cnf,random_3sat,150,639,TIMEOUT,59.98370186600005,60.00343941299798,60.00343941299798,316027,,,,,,,,
walksat,benchmarks/random_sat/random_3sat_150v_639c_18.cnf,random_3sat,150,639,UNKNOWN,9.479083092999645,9.48490640000091,9.48490640000091,98201,,,,,,10000,1,
probsat,benchmarks/random_sat/random_3sat_150v_639c_18.cnf,random_3sat,150,639,UNKNOWN,15.133413976999691,15.137426862005668,15.137426862005668,98201,,,,,,10000,1,
dpll_baseline,benchmarks/random_sat/random_3sat_150v_639c_19.cnf,random_3sat,150,639,TIMEOUT,59.97460134099947,60.00225608299661,60.00225608299661,427423,,,,,,,,
dpll_jw,benchmarks/random_sat/random_3sat_150v_639c_19.cnf,random_3sat,150,639,SAT,44.95130358700044,44.96992548099661,44.96992548099661,371135,6714,98805,1370,,,,,True
cdcl,benchmarks/random_sat/random_3sat_150v_639c_19.cnf,random_3sat,150,639,TIMEOUT,59.9777662610004,60.00617472599697,60.00617472599697,750227,,,,,,,,
walksat,benchmarks/random_sat/random_3sat_150v_639c_19.cnf,random_3sat,150,639,UNKNOWN,9.185234397000386,9.189873780000198,9.189873780000198,98031,,,,,,10000,1,
probsat,benchmarks/random_sat/random_3sat_150v_639c_19.cnf,random_3sat,150,639,UNKNOWN,14.876158023999778,14.87992605999898,14.87992605999898,98031,,,,,,10000,1,
dpll_baseline,benchmarks/random_sat/random_3sat_150v_639c_20.cnf,random_3sat,150,639,TIMEOUT,59.97417608199976,60.00204726099764,60.00204726099764,420951,,,,,,,,
dpll_jw,benchmarks/random_sat/random_3sat_150v_639c_20.cnf,random_3sat,150,639,UNSAT,45.60147722399961,45.6210039869984,45.6210039869984,370823,7050,101274,1556,,,,,
cdcl,benchmarks/random_sat/random_3sat_150v_639c_20.cnf,random_3sat,150,639,TIMEOUT,59.97091380500024,60.003559962999134,60.003559962999134,360707,,,,,,,,
walksat,benchmarks/random_sat/random_3sat_150v_639c_20.cnf,random_3sat,150,639,UNKNOWN,9.324861029999738,9.328203632998338,9.328203632998338,98425,,,,,,10000,1,
probsat,benchmarks/random_sat/random_3sat_150v_639c_20.cnf,random_3sat,150,639,UNKNOWN,15.323310866000611,15.331148452998605,15.331148452998605,98425,,,,,,10000,1,
dpll_baseline,benchmarks/random_sat/random_3sat_200v_852c_01.cnf,random_3sat,200,852,TIMEOUT,59.971572550999554,60.00264985099784,60.00264985099784,603395,,,,,,,,
dpll_jw,benchmarks/random_sat/random_3sat_200v_852c_01.cnf,random_3sat,200,852,TIMEOUT,59.97124421699937,60.00243686000613,60.00243686000613,551227,,,,,,,,
cdcl,benchmarks/random_sat/random_3sat_200v_852c_01.cnf,random_3sat,200,852,TIMEOUT,59.9757698100002,60.004298173997086,60.004298173997086,502195,,,,,,,,
walksat,benchmarks/random_sat/random_3sat_200v_852c_01.cnf,random_3sat,200,852,UNKNOWN,12.19742022399987,12.202623156998015,12.202623156998015,128235,,,,,,10000,1,
probsat,benchmarks/random_sat/random_3sat_200v_852c_01.cnf,random_3sat,200,852,UNKNOWN,20.05964884199966,20.066876140001114,20.066876140001114,128235,,,,,,10000,1,
dpll_baseline,benchmarks/random_sat/random_3sat_200v_852c_02.cnf,random_3sat,200,852,TIMEOUT,59.96722567699999,60.00290003199916,60.00290003199916,689055,,,,,,,,
dpll_jw,benchmarks/random_sat/random_3sat_200v_852c_02.cnf,random_3sat,200,852,TIMEOUT,59.969246177999594,60.002802893999615,60.002802893999615,601711,,,,,,,,
cdcl,benchmarks/random_sat/random_3sat_200v_852c_02.cnf,random_3sat,200,852,TIMEOUT,59.97582372299985,60.00537523299863,60.00537523299863,702207,,,,,,,,
walksat,benchmarks/random_sat/random_3sat_200v_852c_02.cnf,random_3sat,200,852,UNKNOWN,12.082930401999874,12.08923577999667,12.08923577999667,126023,,,,,,10000,1,
probsat,benchmarks/random_sat/random_3sat_200v_852c_02.cnf,random_3sat,200,852,UNKNOWN,19.630930893999903,19.636224476998905,19.636224476998905,126023,,,,,,10000,1,
dpll_baseline,benchmarks/random_sat/random_3sat_200v_852c_03.cnf,random_3sat,200,852,TIMEOUT,59.972118992000105,60.00273740600096,60.00273740600096,606887,,,,,,,,
dpll_jw,benchmarks/random_sat/random_3sat_200v_852c_03.cnf,random_3sat,200,852,TIMEOUT,59.970946612999796,60.00304318199778,60.00304318199778,597679,,,,,,,,
cdcl,benchmarks/random_sat/random_3sat_200v_852c_03.cnf,random_3sat,200,852,TIMEOUT,59.97311493699999,60.0039357880014,60.0039357880014,459471,,,,,,,,
walksat,benchmarks/random_sat/random_3sat_200v_852c_03.cnf,random_3sat,200,852,UNKNOWN,12.223160426000504,12.22917727699678,12.22917727699678,127311,,,,,,10000,1,
probsat,benchmarks/random_sat/random_3sat_200v_852c_03.cnf,random_3sat,200,852,UNKNOWN,20.078605421999782,20.091067426998052,20.091067426998052,127311,,,,,,10000,1,
dpll_baseline,benchmarks/random_sat/random_3sat_200v_852c_04.cnf,random_3sat,200,852,TIMEOUT,59.98130013300033,60.00294432699593,60.00294432699593,651975,,,,,,,,
dpll_jw,benchmarks/random_sat/random_3sat_200v_852c_04.cnf,random_3sat,200,852,TIMEOUT,59.973180003999914,60.00298461299826,60.00298461299826,636615,,,,,,,,
cdcl,benchmarks/random_sat/random_3sat_200v_852c_04.cnf,random_3sat,200,852,TIMEOUT,59.96607810000023,60.00717686799908,60.00717686799908,880335,,,,,,,,
walksat,benchmarks/random_sat/random_3sat_200v_852c_04.cnf,random_3sat,200,852,SAT,4.704778829999668,4.705998170000385,4.705998170000385,127479,,,,,,3892,0,True
probsat,benchmarks/random_sat/random_3sat_200v_852c_04.cnf,random_3sat,200,852,SAT,7.7911345849997815,7.798755268995592,7.798755268995592,127479,,,,,,3839,0,True
dpll_baseline,benchmarks/random_sat/random_3sat_200v_852c_05.cnf,random_3sat,200,852,TIMEOUT,59.97316149800008,60.00303842499852,60.00303842499852,634919,,,,,,,,
dpll_jw,benchmarks/random_sat/random_3sat_200v_852c_05.cnf,random_3sat,200,852,TIMEOUT,59.96394411500023,60.00289582899859,60.00289582899859,603663,,,,,,,,
cdcl,benchmarks/random_sat/random_3sat_200v_852c_05.cnf,random_3sat,200,852,TIMEOUT,59.97915027899944,60.00641858400195,60.00641858400195,697343,,,,,,,,
walksat,benchmarks/random_sat/random_3sat_200v_852c_05.cnf,random_3sat,200,852,SAT,4.376133691999712,4.377187010999478,4.377187010999478,129047,,,,,,3543,0,True
probsat,benchmarks/random_sat/random_3sat_200v_852c_05.cnf,random_3sat,200,852,UNKNOWN,20.031779312000253,20.03959799400036,20.03959799400036,129047,,,,,,10000,1,
dpll_baseline,benchmarks/random_sat/random_3sat_200v_852c_06.cnf,random_3sat,200,852,TIMEOUT,59.97813319600027,60.00294497499999,60.00294497499999,671987,,,,,,,,
dpll_jw,benchmarks/random_sat/random_3sat_200v_852c_06.cnf,random_3sat,200,852,TIMEOUT,59.95133360199998,60.00274849599373,60.00274849599373,566771,,,,,,,,
cdcl,benchmarks/random_sat/random_3sat_200v_852c_06.cnf,random_3sat,200,852,TIMEOUT,59.979355972999656,60.00430018000043,60.00430018000043,463019,,,,,,,,
walksat,benchmarks/random_sat/random_3sat_200v_852c_06.cnf,random_3sat,200,852,UNKNOWN,12.141398400999606,12.15121408700361,12.15121408700361,127395,,,,,,10000,1,
probsat,benchmarks/random_sat/random_3sat_200v_852c_06.cnf,random_3sat,200,852,UNKNOWN,19.944313351000346,19.954720141999132,19.954720141999132,127395,,,,,,10000,1,
dpll_baseline,benchmarks/random_sat/random_3sat_200v_852c_07.cnf,random_3sat,200,852,TIMEOUT,59.96749507699951,60.00346987200464,60.00346987200464,645123,,,,,,,,
dpll_jw,benchmarks/random_sat/random_3sat_200v_852c_07.cnf,random_3sat,200,852,TIMEOUT,59.964468883000336,60.00295547200221,60.00295547200221,559027,,,,,,,,
cdcl,benchmarks/random_sat/random_3sat_200v_852c_07.cnf,random_3sat,200,852,TIMEOUT,59.9618962200002,60.005202371998166,60.005202371998166,559211,,,,,,,,
walksat,benchmarks/random_sat/random_3sat_200v_852c_07.cnf,random_3sat,200,852,UNKNOWN,12.358166013999835,12.362344277993543,12.362344277993543,127899,,,,,,10000,1,
probsat,benchmarks/random_sat/random_3sat_200v_852c_07.cnf,random_3sat,200,852,UNKNOWN,19.91876962799961,19.923484612998436,19.923484612998436,127899,,,,,,10000,1,
dpll_baseline,benchmarks/random_sat/random_3sat_200v_852c_08.cnf,random_3sat,200,852,TIMEOUT,59.97514440199939,60.00290099200356,60.00290099200356,591955,,,,,,,,
dpll_jw,benchmarks/random_sat/random_3sat_200v_852c_08.cnf,random_3sat,200,852,TIMEOUT,59.951708859000064,60.00293970700295,60.00293970700295,530507,,,,,,,,
cdcl,benchmarks/random_sat/random_3sat_200v_852c_08.cnf,random_3sat,200,852,TIMEOUT,59.97356828299962,60.004687896005635,60.004687896005635,495979,,,,,,,,
walksat,benchmarks/random_sat/random_3sat_200v_852c_08.cnf,random_3sat,200,852,UNKNOWN,12.327665397000601,12.33187072200235,12.33187072200235,128235,,,,,,10000,1,
probsat,benchmarks/random_sat/random_3sat_200v_852c_08.cnf,random_3sat,200,852,UNKNOWN,20.365856323000116,20.373150022998743,20.373150022998743,128235,,,,,,10000,1,
dpll_baseline,benchmarks/random_sat/random_3sat_200v_852c_09.cnf,random_3sat,200,852,TIMEOUT,59.97273607100033,60.00319013099943,60.00319013099943,649255,,,,,,,,
dpll_jw,benchmarks/random_sat/random_3sat_200v_852c_09.cnf,random_3sat,200,852,TIMEOUT,59.96915201799948,60.002983117999975,60.002983117999975,575767,,,,,,,,
cdcl,benchmarks/random_sat/random_3sat_200v_852c_09.cnf,random_3sat,200,852,TIMEOUT,59.981044232000386,60.00534039000195,60.00534039000195,544423,,,,,,,,
walksat,benchmarks/random_sat/random_3sat_200v_852c_09.cnf,random_3sat,200,852,UNKNOWN,12.195130376000634,12.201098842997453,12.201098842997453,127031,,,,,,10000,1,
probsat,benchmarks/random_sat/random_3sat_200v_852c_09.cnf,random_3sat,200,852,UNKNOWN,20.039514712999335,20.05054503300198,20.05054503300198,127031,,,,,,10000,1,
dpll_baseline,benchmarks/random_sat/random_3sat_200v_852c_10.cnf,random_3sat,200,852,TIMEOUT,59.96219988699977,60.00330797199422,60.00330797199422,628183,,,,,,,,
dpll_jw,benchmarks/random_sat/random_3sat_200v_852c_10.cnf,random_3sat,200,852,TIMEOUT,59.95386964699992,60.00306198200269,60.00306198200269,579551,,,,,,,,
cdcl,benchmarks/random_sat/random_3sat_200v_852c_10.cnf,random_3sat,200,852,TIMEOUT,59.9724893599996,60.006457183997554,60.006457183997554,758335,,,,,,,,
walksat,benchmarks/random_sat/random_3sat_200v_852c_10.cnf,random_3sat,200,852,UNKNOWN,12.687921222000114,12.698188766997191,12.698188766997191,128879,,,,,,10000,1,
probsat,benchmarks/random_sat/random_3sat_200v_852c_10.cnf,random_3sat,200,852,UNKNOWN,20.06242140700033,20.069469567999477,20.069469567999477,128879,,,,,,10000,1,
dpll_baseline,benchmarks/random_sat/random_3sat_200v_852c_11.cnf,random_3sat,200,852,TIMEOUT,59.983235671999864,60.00313013399864,60.00313013399864,660263,,,,,,,,
dpll_jw,benchmarks/random_sat/random_3sat_200v_852c_11.cnf,random_3sat,200,852,TIMEOUT,59.97795119999955,60.0032063969993,60.0032063969993,584767,,,,,,,,
cdcl,benchmarks/random_sat/random_3sat_200v_852c_11.cnf,random_3sat,200,852,TIMEOUT,59.97282574400015,60.004754076006066,60.004754076006066,613839,,,,,,,,
walksat,benchmarks/random_sat/random_3sat_200v_852c_11.cnf,random_3sat,200,852,UNKNOWN,12.102193960000477,12.1040702639948,12.1040702639948,127759,,,,,,10000,1,
probsat,benchmarks/random_sat/random_3sat_200v_852c_11.cnf,random_3sat,200,852,SAT,0.9330981619996237,0.9336512129957555,0.9336512129957555,127759,,,,,,460,0,True
dpll_baseline,benchmarks/random_sat/random_3sat_200v_852c_12.cnf,random_3sat,200,852,TIMEOUT,59.96214018000046,60.00299937499949,60.00299937499949,624923,,,,,,,,
dpll_jw,benchmarks/random_sat/random_3sat_200v_852c_12.cnf,random_3sat,200,852,TIMEOUT,59.97598721400027,60.002813516999595,60.002813516999595,632243,,,,,,,,
cdcl,benchmarks/random_sat/random_3sat_200v_852c_12.cnf,random_3sat,200,852,TIMEOUT,59.97973382700002,60.00434392700117,60.00434392700117,459027,,,,,,,,
walksat,benchmarks/random_sat/random_3sat_200v_852c_12.cnf,random_3sat,200,852,UNKNOWN,12.12283871999989,12.125120032003906,12.125120032003906,127115,,,,,,10000,1,
probsat,benchmarks/random_sat/random_3sat_200v_852c_12.cnf,random_3sat,200,852,UNKNOWN,20.08654003399988,20.09572464399389,20.09572464399389,127115,,,,,,10000,1,
dpll_baseline,benchmarks/random_sat/random_3sat_200v_852c_13.cnf,random_3sat,200,852,TIMEOUT,59.978713025000616,60.00298971000302,60.00298971000302,601551,,,,,,,,
dpll_jw,benchmarks/random_sat/random_3sat_200v_852c_13.cnf,random_3sat,200,852,TIMEOUT,59.97704046299987,60.00298628100427,60.00298628100427,539847,,,,,,,,
cdcl,benchmarks/random_sat/random_3sat_200v_852c_13.cnf,random_3sat,200,852,TIMEOUT,59.98319090400037,60.00625304300047,60.00625304300047,663276,,,,,,,,
walksat,benchmarks/random_sat/random_3sat_200v_852c_13.cnf,random_3sat,200,852,UNKNOWN,11.999979139000061,12.000941279999097,12.000941279999097,128711,,,,,,10000,1,
probsat,benchmarks/random_sat/random_3sat_200v_852c_13.cnf,random_3sat,200,852,UNKNOWN,20.014436487999774,20.02488135600288,20.02488135600288,128711,,,,,,10000,1,
dpll_baseline,benchmarks/random_sat/random_3sat_200v_852c_14.cnf,random_3sat,200,852,TIMEOUT,59.97889093100093,60.00317782100319,60.00317782100319,657871,,,,,,,,
dpll_jw,benchmarks/random_sat/random_3sat_200v_852c_14.cnf,random_3sat,200,852,TIMEOUT,59.97945604400047,60.00317863600503,60.00317863600503,542567,,,,,,,,
cdcl,benchmarks/random_sat/random_3sat_200v_852c_14.cnf,random_3sat,200,852,TIMEOUT,59.98384232400167,60.00829804499517,60.00829804499517,572271,,,,,,,,
walksat,benchmarks/random_sat/random_3sat_200v_852c_14.cnf,random_3sat,200,852,UNKNOWN,12.25688621700101,12.263335760006157,12.263335760006157,127591,,,,,,10000,1,
probsat,benchmarks/random_sat/random_3sat_200v_852c_14.cnf,random_3sat,200,852,UNKNOWN,20.730037972998616,20.739758946998336,20.739758946998336,127591,,,,,,10000,1,
dpll_baseline,benchmarks/random_sat/random_3sat_200v_852c_15.cnf,random_3sat,200,852,TIMEOUT,59.97650314599923,60.00313119599741,60.00313119599741,585387,,,,,,,,
dpll_jw,benchmarks/random_sat/random_3sat_200v_852c_15.cnf,random_3sat,200,852,TIMEOUT,59.98106041200117,60.002919895996456,60.002919895996456,563859,,,,,,,,
cdcl,benchmarks/random_sat/random_3sat_200v_852c_15.cnf,random_3sat,200,852,TIMEOUT,59.97975974700057,60.00524490800308,60.00524490800308,562915,,,,,,,,
walksat,benchmarks/random_sat/random_3sat_200v_852c_15.cnf,random_3sat,200,852,UNKNOWN,12.353740280999773,12.358736934998888,12.358736934998888,127003,,,,,,10000,1,
probsat,benchmarks/random_sat/random_3sat_200v_852c_15.cnf,random_3sat,200,852,UNKNOWN,20.270776497998668,20.284960740005772,20.284960740005772,127003,,,,,,10000,1,
dpll_baseline,benchmarks/random_sat/random_3sat_200v_852c_16.cnf,random_3sat,200,852,TIMEOUT,59.97812757099928,60.00315409799805,60.00315409799805,620987,,,,,,,,
dpll_jw,benchmarks/random_sat/random_3sat_200v_852c_16.cnf,random_3sat,200,852,TIMEOUT,59.96990661499876,60.00312823699642,60.00312823699642,578019,,,,,,,,
cdcl,benchmarks/random_sat/random_3sat_200v_852c_16.cnf,random_3sat,200,852,TIMEOUT,59.98073646600096,60.00495815499744,60.00495815499744,527619,,,,,,,,
walksat,benchmarks/random_sat/random_3sat_200v_852c_16.cnf,random_3sat,200,852,UNKNOWN,12.247477135999361,12.254096355994989,12.254096355994989,127675,,,,,,10000,1,
probsat,benchmarks/random_sat/random_3sat_200v_852c_16.cnf,random_3sat,200,852,UNKNOWN,21.097819720998814,21.106480631999148,21.106480631999148,127675,,,,,,10000,1,
dpll_baseline,benchmarks/random_sat/random_3sat_200v_852c_17.cnf,random_3sat,200,852,TIMEOUT,59.983201786999416,60.003080007998506,60.003080007998506,665767,,,,,,,,
dpll_jw,benchmarks/random_sat/random_3sat_200v_852c_17.cnf,random_3sat,200,852,TIMEOUT,59.975083710000035,60.00314896299824,60.00314896299824,569559,,,,,,,,
cdcl,benchmarks/random_sat/random_3sat_200v_852c_17.cnf,random_3sat,200,852,TIMEOUT,59.98096223900029,60.00462077100383,60.00462077100383,411031,,,,,,,,
walksat,benchmarks/random_sat/random_3sat_200v_852c_17.cnf,random_3sat,200,852,UNKNOWN,12.268290519999937,12.272290811000858,12.272290811000858,128991,,,,,,10000,1,
probsat,benchmarks/random_sat/random_3sat_200v_852c_17.cnf,random_3sat,200,852,UNKNOWN,19.80409637199955,19.81045140799688,19.81045140799688,128991,,,,,,10000,1,
dpll_baseline,benchmarks/random_sat/random_3sat_200v_852c_18.cnf,random_3sat,200,852,TIMEOUT,59.97192936099964,60.00334646600095,60.00334646600095,579127,,,,,,,,
dpll_jw,benchmarks/random_sat/random_3sat_200v_852c_18.cnf,random_3sat,200,852,TIMEOUT,59.980685034999624,60.00355873400258,60.00355873400258,511743,,,,,,,,
cdcl,benchmarks/random_sat/random_3sat_200v_852c_18.cnf,random_3sat,200,852,TIMEOUT,59.977755605999846,60.00427142999979,60.00427142999979,430975,,,,,,,,
walksat,benchmarks/random_sat/random_3sat_200v_852c_18.cnf,random_3sat,200,852,UNKNOWN,12.114644778001093,12.12314344799961,12.12314344799961,127983,,,,,,10000,1,
probsat,benchmarks/random_sat/random_3sat_200v_852c_18.cnf,random_3sat,200,852,UNKNOWN,20.012455067999326,20.020183651999105,20.020183651999105,127983,,,,,,10000,1,
dpll_baseline,benchmarks/random_sat/random_3sat_200v_852c_19.cnf,random_3sat,200,852,TIMEOUT,59.97591415600073,60.00321972399979,60.00321972399979,647135,,,,,,,,
dpll_jw,benchmarks/random_sat/random_3sat_200v_852c_19.cnf,random_3sat,200,852,TIMEOUT,59.97715776499899,60.003282047997345,60.003282047997345,594223,,,,,,,,
cdcl,benchmarks/random_sat/random_3sat_200v_852c_19.cnf,random_3sat,200,852,TIMEOUT,59.976755620000404,60.00502731600136,60.00502731600136,524663,,,,,,,,
walksat,benchmarks/random_sat/random_3sat_200v_852c_19.cnf,random_3sat,200,852,UNKNOWN,12.435735248998753,12.43902904800052,12.43902904800052,128711,,,,,,10000,1,
probsat,benchmarks/random_sat/random_3sat_200v_852c_19.cnf,random_3sat,200,852,UNKNOWN,20.027411904000473,20.03686337399995,20.03686337399995,128711,,,,,,10000,1,
dpll_baseline,benchmarks/random_sat/random_3sat_200v_852c_20.cnf,random_3sat,200,852,TIMEOUT,59.97275785999955,60.00331196699699,60.00331196699699,579739,,,,,,,,
dpll_jw,benchmarks/random_sat/random_3sat_200v_852c_20.cnf,random_3sat,200,852,TIMEOUT,59.9741698050002,60.00318425899604,60.00318425899604,571323,,,,,,,,
cdcl,benchmarks/random_sat/random_3sat_200v_852c_20.cnf,random_3sat,200,852,TIMEOUT,59.98871219799912,60.00482684800227,60.00482684800227,508827,,,,,,,,
walksat,benchmarks/random_sat/random_3sat_200v_852c_20.cnf,random_3sat,200,852,UNKNOWN,12.87204797999948,12.873801282003114,12.873801282003114,127840,,,,,,10000,1,
probsat,benchmarks/random_sat/random_3sat_200v_852c_20.cnf,random_3sat,200,852,UNKNOWN,19.99332388899893,19.996439399998053,19.996439399998053,127899,,,,,,10000,1,
dpll_baseline,benchmarks/random_sat/random_3sat_50v_213c_01.cnf,random_3sat,50,213,SAT,0.17053111000132049,0.17074017300183186,0.17074017300183186,102055,171,1127,3,,,,,True
dpll_jw,benchmarks/random_sat/random_3sat_50v_213c_01.cnf,random_3sat,50,213,SAT,0.11941832100092142,0.11983571699965978,0.11983571699965978,80863,78,729,12,,,,,True
cdcl,benchmarks/random_sat/random_3sat_50v_213c_01.cnf,random_3sat,50,213,TIMEOUT,59.982838190999246,60.0028662889963,60.0028662889963,102551,,,,,,,,
walksat,benchmarks/random_sat/random_3sat_50v_213c_01.cnf,random_3sat,50,213,UNKNOWN,3.136464827999589,3.1366935210025986,3.1366935210025986,39431,,,,,,10000,1,
probsat,benchmarks/random_sat/random_3sat_50v_213c_01.cnf,random_3sat,50,213,SAT,2.886303780000162,2.889645228002337,2.889645228002337,39431,,,,,,5423,0,True
dpll_baseline,benchmarks/random_sat/random_3sat_50v_213c_02.cnf,random_3sat,50,213,SAT,0.02054533199952857,0.02054103199770907,0.02054103199770907,83707,22,85,19,,,,,True
dpll_jw,benchmarks/random_sat/random_3sat_50v_213c_02.cnf,random_3sat,50,213,SAT,0.0536630900005548,0.05365407199860783,0.05365407199860783,73691,34,272,13,,,,,True
cdcl,benchmarks/random_sat/random_3sat_50v_213c_02.cnf,random_3sat,50,213,SAT,0.018285590000232332,0.01832974599528825,0.01832974599528825,107091,39,,,38,19,,0,True
walksat,benchmarks/random_sat/random_3sat_50v_213c_02.cnf,random_3sat,50,213,SAT,0.028186610999910044,0.028181351997773163,0.028181351997773163,39235,,,,,,80,0,True
probsat,benchmarks/random_sat/random_3sat_50v_213c_02.cnf,random_3sat,50,213,SAT,0.27172179899935145,0.27181366400327533,0.27181366400327533,39235,,,,,,529,0,True
dpll_baseline,benchmarks/random_sat/random_3sat_50v_213c_03.cnf,random_3sat,50,213,SAT,0.06733931499911705,0.06739345000096364,0.06739345000096364,91127,76,408,23,,,,,True
dpll_jw,benchmarks/random_sat/random_3sat_50v_213c_03.cnf,random_3sat,50,213,SAT,0.028357594999761204,0.02835161000257358,0.02835161000257358,84791,28,149,4,,,,,True
cdcl,benchmarks/random_sat/random_3sat_50v_213c_03.cnf,random_3sat,50,213,TIMEOUT,59.97981445199912,60.002303355999175,60.002303355999175,107863,,,,,,,,
walksat,benchmarks/random_sat/random_3sat_50v_213c_03.cnf,random_3sat,50,213,SAT,0.08101880799949868,0.08109775000048103,0.08109775000048103,38479,,,,,,244,0,True
probsat,benchmarks/random_sat/random_3sat_50v_213c_03.cnf,random_3sat,50,213,SAT,0.020825141000386793,0.020821774000069126,0.020821774000069126,38479,,,,,,31,0,True
dpll_baseline,benchmarks/random_sat/random_3sat_50v_213c_04.cnf,random_3sat,50,213,SAT,0.2922144419990218,0.29218573799880687,0.29218573799880687,96283,263,1737,22,,,,,True
dpll_jw,benchmarks/random_sat/random_3sat_50v_213c_04.cnf,random_3sat,50,213,SAT,0.06902804200035462,0.06901757000014186,0.06901757000014186,84891,40,350,6,,,,,True
cdcl,benchmarks/random_sat/random_3sat_50v_213c_04.cnf,random_3sat,50,213,TIMEOUT,59.984002208000675,60.002105001003656,60.002105001003656,111563,,,,,,,,
walksat,benchmarks/random_sat/random_3sat_50v_213c_04.cnf,random_3sat,50,213,SAT,0.6644349709986273,0.6646851039986359,0.6646851039986359,39963,,,,,,2014,0,True
probsat,benchmarks/random_sat/random_3sat_50v_213c_04.cnf,random_3sat,50,213,SAT,0.6092407569994975,0.6092845250022947,0.6092845250022947,39963,,,,,,1157,0,True
dpll_baseline,benchmarks/random_sat/random_3sat_50v_213c_05.cnf,random_3sat,50,213,UNSAT,0.19543797400001495,0.195478470006492,0.195478470006492,82375,180,1160,17,,,,,
dpll_jw,benchmarks/random_sat/random_3sat_50v_213c_05.cnf,random_3sat,50,213,UNSAT,0.07724233100088895,0.07723168499796884,0.07723168499796884,70511,48,496,3,,,,,
cdcl,benchmarks/random_sat/random_3sat_50v_213c_05.cnf,random_3sat,50,213,TIMEOUT,59.98267833600039,60.002047907000815,60.002047907000815,104463,,,,,,,,
walksat,benchmarks/random_sat/random_3sat_50v_213c_05.cnf,random_3sat,50,213,UNKNOWN,3.2173738649998995,3.2184770259991637,3.2184770259991637,39653,,,,,,10000,1,
probsat,benchmarks/random_sat/random_3sat_50v_213c_05.cnf,random_3sat,50,213,UNKNOWN,5.209838277998642,5.212052166003559,5.212052166003559,39653,,,,,,10000,1,
dpll_baseline,benchmarks/random_sat/random_3sat_50v_213c_06.cnf,random_3sat,50,213,SAT,0.13430646099914156,0.13429872700362466,0.13429872700362466,92663,131,931,10,,,,,True
dpll_jw,benchmarks/random_sat/random_3sat_50v_213c_06.cnf,random_3sat,50,213,SAT,0.09629398900142405,0.0962818949992652,0.0962818949992652,88167,81,544,18,,,,,True
cdcl,benchmarks/random_sat/random_3sat_50v_213c_06.cnf,random_3sat,50,213,TIMEOUT,59.983694014999855,60.00167907899595,60.00167907899595,102367,,,,,,,,
walksat,benchmarks/random_sat/random_3sat_50v_213c_06.cnf,random_3sat,50,213,SAT,0.13465545600047335,0.13464160700095817,0.13464160700095817,38925,,,,,,448,0,True
probsat,benchmarks/random_sat/random_3sat_50v_213c_06.cnf,random_3sat,50,213,SAT,0.03598050599975977,0.03597576900210697,0.03597576900210697,38925,,,,,,64,0,True
dpll_baseline,benchmarks/random_sat/random_3sat_50v_213c_07.cnf,random_3sat,50,213,UNSAT,0.4493209600004775,0.4493164829982561,0.4493164829982561,92871,446,2587,33,,,,,
dpll_jw,benchmarks/random_sat/random_3sat_50v_213c_07.cnf,random_3sat,50,213,UNSAT,0.12837718000082532,0.12837995500012767,0.12837995500012767,85263,100,660,12,,,,,
cdcl,benchmarks/random_sat/random_3sat_50v_213c_07.cnf,random_3sat,50,213,TIMEOUT,59.98385013099869,60.00149720199988,60.00149720199988,100855,,,,,,,,
walksat,benchmarks/random_sat/random_3sat_50v_213c_07.cnf,random_3sat,50,213,UNKNOWN,3.0779478820004442,3.078243777003081,3.078243777003081,39991,,,,,,10000,1,
probsat,benchmarks/random_sat/random_3sat_50v_213c_07.cnf,random_3sat,50,213,UNKNOWN,5.070701365000787,5.071351036000124,5.071351036000124,39991,,,,,,10000,1,
dpll_baseline,benchmarks/random_sat/random_3sat_50v_213c_08.cnf,random_3sat,50,213,SAT,0.09175005100041744,0.09175031700578984,0.09175031700578984,90203,88,566,8,,,,,True
dpll_jw,benchmarks/random_sat/random_3sat_50v_213c_08.cnf,random_3sat,50,213,SAT,0.028776819999620784,0.028772416997526307,0.028772416997526307,73811,18,140,2,,,,,True
cdcl,benchmarks/random_sat/random_3sat_50v_213c_08.cnf,random_3sat,50,213,SAT,0.00937674499982677,0.009391660998517182,0.009391660998517182,107507,13,,,12,6,,0,True
walksat,benchmarks/random_sat/random_3sat_50v_213c_08.cnf,random_3sat,50,213,SAT,0.05551414099863905,0.055508614001155365,0.055508614001155365,39235,,,,,,165,0,True
probsat,benchmarks/random_sat/random_3sat_50v_213c_08.cnf,random_3sat,50,213,SAT,0.01884828199945332,0.01890783199633006,0.01890783199633006,39235,,,,,,31,0,True
dpll_baseline,benchmarks/random_sat/random_3sat_50v_213c_09.cnf,random_3sat,50,213,SAT,0.21651173099962762,0.21650172900262987,0.21650172900262987,98399,193,1434,27,,,,,True
dpll_jw,benchmarks/random_sat/random_3sat_50v_213c_09.cnf,random_3sat,50,213,SAT,0.13074618199971155,0.13072959199780598,0.13072959199780598,86815,98,798,10,,,,,True
cdcl,benchmarks/random_sat/random_3sat_50v_213c_09.cnf,random_3sat,50,213,TIMEOUT,59.98427879100018,60.00119006999739,60.00119006999739,105351,,,,,,,,
walksat,benchmarks/random_sat/random_3sat_50v_213c_09.cnf,random_3sat,50,213,UNKNOWN,3.09157765099917,3.092159134001122,3.092159134001122,39149,,,,,,10000,1,
probsat,benchmarks/random_sat/random_3sat_50v_213c_09.cnf,random_3sat,50,213,SAT,0.8808256819993403,0.8809135599949514,0.8809135599949514,39149,,,,,,1729,0,True
dpll_baseline,benchmarks/random_sat/random_3sat_50v_213c_10.cnf,random_3sat,50,213,SAT,0.16514099199957855,0.16519019499537535,0.16519019499537535,96999,163,1137,5,,,,,True
dpll_jw,benchmarks/random_sat/random_3sat_50v_213c_10.cnf,random_3sat,50,213,SAT,0.14847994599949743,0.14851009300036822,0.14851009300036822,82591,116,796,10,,,,,True
cdcl,benchmarks/random_sat/random_3sat_50v_213c_10.cnf,random_3sat,50,213,TIMEOUT,59.9834838250008,60.001136193001,60.001136193001,103871,,,,,,,,
walksat,benchmarks/random_sat/random_3sat_50v_213c_10.cnf,random_3sat,50,213,SAT,0.06532473799961735,0.06537730500713224,0.06537730500713224,39267,,,,,,194,0,True
probsat,benchmarks/random_sat/random_3sat_50v_213c_10.cnf,random_3sat,50,213,SAT,0.10447312600081204,0.1045740530025796,0.1045740530025796,39267,,,,,,184,0,True
dpll_baseline,benchmarks/random_sat/random_3sat_50v_213c_11.cnf,random_3sat,50,213,UNSAT,0.3155414850007219,0.31590967499505496,0.31590967499505496,88695,262,1613,7,,,,,
dpll_jw,benchmarks/random_sat/random_3sat_50v_213c_11.cnf,random_3sat,50,213,UNSAT,0.0905928819993278,0.09067545699508628,0.09067545699508628,80055,64,486,3,,,,,
cdcl,benchmarks/random_sat/random_3sat_50v_213c_11.cnf,random_3sat,50,213,TIMEOUT,59.98160430200005,60.00109157500265,60.00109157500265,101031,,,,,,,,
walksat,benchmarks/random_sat/random_3sat_50v_213c_11.cnf,random_3sat,50,213,UNKNOWN,3.147144616999867,3.1480609709979035,3.1480609709979035,39207,,,,,,10000,1,
probsat,benchmarks/random_sat/random_3sat_50v_213c_11.cnf,random_3sat,50,213,UNKNOWN,5.190178154000023,5.194803231002879,5.194803231002879,39207,,,,,,10000,1,
dpll_baseline,benchmarks/random_sat/random_3sat_50v_213c_12.cnf,random_3sat,50,213,SAT,0.06439408700134663,0.06439538399718003,0.06439538399718003,80387,64,415,3,,,,,True
dpll_jw,benchmarks/random_sat/random_3sat_50v_213c_12.cnf,random_3sat,50,213,SAT,0.21326986600070086,0.21339097999589285,0.21339097999589285,86795,172,1286,22,,,,,True
cdcl,benchmarks/random_sat/random_3sat_50v_213c_12.cnf,random_3sat,50,213,TIMEOUT,59.97717792600088,60.00103768000554,60.00103768000554,106227,,,,,,,,
walksat,benchmarks/random_sat/random_3sat_50v_213c_12.cnf,random_3sat,50,213,SAT,0.6007325890004722,0.6008308509990457,0.6008308509990457,39065,,,,,,1911,0,True
probsat,benchmarks/random_sat/random_3sat_50v_213c_12.cnf,random_3sat,50,213,SAT,0.2744824309993419,0.27454167299583787,0.27454167299583787,39065,,,,,,535,0,True
dpll_baseline,benchmarks/random_sat/random_3sat_50v_213c_13.cnf,random_3sat,50,213,SAT,0.1419565500000317,0.14195706600003177,0.14195706600003177,88971,147,962,24,,,,,True
dpll_jw,benchmarks/random_sat/random_3sat_50v_213c_13.cnf,random_3sat,50,213,SAT,0.07569987199894967,0.07578909099538578,0.07578909099538578,82147,69,407,7,,,,,True
cdcl,benchmarks/random_sat/random_3sat_50v_213c_13.cnf,random_3sat,50,213,TIMEOUT,59.97449880500062,60.0011033549963,60.0011033549963,98155,,,,,,,,
walksat,benchmarks/random_sat/random_3sat_50v_213c_13.cnf,random_3sat,50,213,SAT,0.014001790001202608,0.014000164999742992,0.014000164999742992,38953,,,,,,31,0,True
probsat,benchmarks/random_sat/random_3sat_50v_213c_13.cnf,random_3sat,50,213,SAT,0.049473473000034573,0.049468473000160884,0.049468473000160884,38953,,,,,,92,0,True
dpll_baseline,benchmarks/random_sat/random_3sat_50v_213c_14.cnf,random_3sat,50,213,SAT,0.05840000100033649,0.058393459003127646,0.058393459003127646,98207,75,517,9,,,,,True
dpll_jw,benchmarks/random_sat/random_3sat_50v_213c_14.cnf,random_3sat,50,213,SAT,0.0334224100006395,0.03341785499651451,0.03341785499651451,80623,27,174,6,,,,,True
cdcl,benchmarks/random_sat/random_3sat_50v_213c_14.cnf,random_3sat,50,213,SAT,0.006890189999467111,0.006889525000588037,0.006889525000588037,94055,15,,,8,4,,0,True
walksat,benchmarks/random_sat/random_3sat_50v_213c_14.cnf,random_3sat,50,213,SAT,0.19719413999882818,0.19817220899858512,0.19817220899858512,39263,,,,,,486,0,True
probsat,benchmarks/random_sat/random_3sat_50v_213c_14.cnf,random_3sat,50,213,SAT,0.03676956900017103,0.03678372799913632,0.03678372799913632,39263,,,,,,39,0,True
dpll_baseline,benchmarks/random_sat/random_3sat_50v_213c_15.cnf,random_3sat,50,213,UNSAT,0.7792166369999904,0.779556567002146,0.779556567002146,94495,524,3403,69,,,,,
dpll_jw,benchmarks/random_sat/random_3sat_50v_213c_15.cnf,random_3sat,50,213,UNSAT,0.12560233300064283,0.12602126000274438,0.12602126000274438,74951,86,658,8,,,,,
cdcl,benchmarks/random_sat/random_3sat_50v_213c_15.cnf,random_3sat,50,213,TIMEOUT,59.968415416000425,60.00092543700157,60.00092543700157,94383,,,,,,,,
walksat,benchmarks/random_sat/random_3sat_50v_213c_15.cnf,random_3sat,50,213,UNKNOWN,3.1762536419992102,3.17733959400357,3.17733959400357,39095,,,,,,10000,1,
probsat,benchmarks/random_sat/random_3sat_50v_213c_15.cnf,random_3sat,50,213,UNKNOWN,5.403881762998935,5.408637513006397,5.408637513006397,39095,,,,,,10000,1,
dpll_baseline,benchmarks/random_sat/random_3sat_50v_213c_16.cnf,random_3sat,50,213,UNSAT,0.39722421999977087,0.39748094599781325,0.39748094599781325,87223,368,2508,36,,,,,
dpll_jw,benchmarks/random_sat/random_3sat_50v_213c_16.cnf,random_3sat,50,213,UNSAT,0.1807009719996131,0.18076255800406216,0.18076255800406216,87487,156,1010,15,,,,,
cdcl,benchmarks/random_sat/random_3sat_50v_213c_16.cnf,random_3sat,50,213,UNSAT,0.028628523999941535,0.028674664994468912,0.028674664994468912,121327,47,,,72,35,,0,
walksat,benchmarks/random_sat/random_3sat_50v_213c_16.cnf,random_3sat,50,213,UNKNOWN,3.4843717650001054,3.489538077999896,3.489538077999896,38873,,,,,,10000,1,
probsat,benchmarks/random_sat/random_3sat_50v_213c_16.cnf,random_3sat,50,213,UNKNOWN,5.353141919000336,5.36084988899529,5.36084988899529,38873,,,,,,10000,1,
dpll_baseline,benchmarks/random_sat/random_3sat_50v_213c_17.cnf,random_3sat,50,213,SAT,0.01076871800069057,0.010768305997771677,0.010768305997771677,74192,9,38,1,,,,,True
dpll_jw,benchmarks/random_sat/random_3sat_50v_213c_17.cnf,random_3sat,50,213,SAT,0.06700451899996551,0.06699879100051476,0.06699879100051476,90467,74,395,24,,,,,True
cdcl,benchmarks/random_sat/random_3sat_50v_213c_17.cnf,random_3sat,50,213,SAT,0.00849152199953096,0.008610138000221923,0.008610138000221923,97507,21,,,12,6,,0,True
walksat,benchmarks/random_sat/random_3sat_50v_213c_17.cnf,random_3sat,50,213,SAT,0.06409150599938584,0.06423273400287144,0.06423273400287144,39069,,,,,,191,0,True
probsat,benchmarks/random_sat/random_3sat_50v_213c_17.cnf,random_3sat,50,213,SAT,0.030998944999737432,0.030995811997854616,0.030995811997854616,39069,,,,,,56,0,True
dpll_baseline,benchmarks/random_sat/random_3sat_50v_213c_18.cnf,random_3sat,50,213,UNSAT,0.4336676759994589,0.4339614860000438,0.4339614860000438,89107,430,2858,49,,,,,
dpll_jw,benchmarks/random_sat/random_3sat_50v_213c_18.cnf,random_3sat,50,213,UNSAT,0.1935666659992421,0.19400850500096567,0.19400850500096567,90675,132,875,27,,,,,
cdcl,benchmarks/random_sat/random_3sat_50v_213c_18.cnf,random_3sat,50,213,TIMEOUT,59.953602069001136,60.00090909100254,60.00090909100254,95195,,,,,,,,
walksat,benchmarks/random_sat/random_3sat_50v_213c_18.cnf,random_3sat,50,213,UNKNOWN,3.4505482420008775,3.456481918001373,3.456481918001373,38727,,,,,,10000,1,
probsat,benchmarks/random_sat/random_3sat_50v_213c_18.cnf,random_3sat,50,213,UNKNOWN,5.203236506000394,5.208006136999757,5.208006136999757,38727,,,,,,10000,1,
dpll_baseline,benchmarks/random_sat/random_3sat_50v_213c_19.cnf,random_3sat,50,213,UNSAT,0.5654021400005149,0.5667192030014121,0.5667192030014121,92099,460,3055,47,,,,,
dpll_jw,benchmarks/random_sat/random_3sat_50v_213c_19.cnf,random_3sat,50,213,UNSAT,0.17881148400010716,0.17900308599928394,0.17900308599928394,87107,166,1032,20,,,,,
cdcl,benchmarks/random_sat/random_3sat_50v_213c_19.cnf,random_3sat,50,213,TIMEOUT,59.95248902399908,60.00096494000172,60.00096494000172,98931,,,,,,,,
walksat,benchmarks/random_sat/random_3sat_50v_213c_19.cnf,random_3sat,50,213,UNKNOWN,3.1458248419985466,3.1472366110028815,3.1472366110028815,38787,,,,,,10000,1,
probsat,benchmarks/random_sat/random_3sat_50v_213c_19.cnf,random_3sat,50,213,UNKNOWN,4.991539905000536,4.992533639000612,4.992533639000612,38787,,,,,,10000,1,
dpll_baseline,benchmarks/random_sat/random_3sat_50v_213c_20.cnf,random_3sat,50,213,SAT,0.8348092160013039,0.8351349959993968,0.8351349959993968,96839,986,6070,58,,,,,True
dpll_jw,benchmarks/random_sat/random_3sat_50v_213c_20.cnf,random_3sat,50,213,SAT,0.04265187499913736,0.04264692499418743,0.04264692499418743,79807,38,253,7,,,,,True
cdcl,benchmarks/random_sat/random_3sat_50v_213c_20.cnf,random_3sat,50,213,TIMEOUT,59.95983656399949,60.001147856004536,60.001147856004536,116127,,,,,,,,
walksat,benchmarks/random_sat/random_3sat_50v_213c_20.cnf,random_3sat,50,213,SAT,0.09916816800068773,0.09917822900024476,0.09917822900024476,39095,,,,,,309,0,True
probsat,benchmarks/random_sat/random_3sat_50v_213c_20.cnf,random_3sat,50,213,SAT,0.028216646000146284,0.028214794001542032,0.028214794001542032,39095,,,,,,50,0,True
dpll_baseline,benchmarks/sudoku/sudoku_sat_01.cnf,sudoku,729,12005,SAT,4.254117159000089,4.254924862005282,4.254924862005282,3092375,0,729,0,,,,,True
dpll_jw,benchmarks/sudoku/sudoku_sat_01.cnf,sudoku,729,12005,SAT,4.474644395000723,4.4761182149959495,4.4761182149959495,3092375,0,729,0,,,,,True
cdcl,benchmarks/sudoku/sudoku_sat_01.cnf,sudoku,729,12005,SAT,0.2449312970002211,0.24502814600418787,0.24502814600418787,5016743,0,,,0,0,,0,True
walksat,benchmarks/sudoku/sudoku_sat_01.cnf,sudoku,729,12005,TIMEOUT,59.97179440999935,60.007162855996285,60.007162855996285,1992795,,,,,,,,
probsat,benchmarks/sudoku/sudoku_sat_01.cnf,sudoku,729,12005,TIMEOUT,59.9682725040002,60.00697366800159,60.00697366800159,1998511,,,,,,,,
dpll_baseline,benchmarks/sudoku/sudoku_sat_02.cnf,sudoku,729,12005,SAT,4.786180245000651,4.791124196002784,4.791124196002784,3092371,0,729,0,,,,,True
dpll_jw,benchmarks/sudoku/sudoku_sat_02.cnf,sudoku,729,12005,SAT,4.894947700999182,4.902752157999203,4.902752157999203,3092371,0,729,0,,,,,True
cdcl,benchmarks/sudoku/sudoku_sat_02.cnf,sudoku,729,12005,SAT,0.2498690930005978,0.2502319009945495,0.2502319009945495,5129515,0,,,0,0,,0,True
walksat,benchmarks/sudoku/sudoku_sat_02.cnf,sudoku,729,12005,TIMEOUT,59.964184185000704,60.0039742700028,60.0039742700028,1998647,,,,,,,,
probsat,benchmarks/sudoku/sudoku_sat_02.cnf,sudoku,729,12005,TIMEOUT,59.98682209599974,60.00384803999623,60.00384803999623,1995595,,,,,,,,
dpll_baseline,benchmarks/sudoku/sudoku_sat_03.cnf,sudoku,729,12005,SAT,2.332410005999918,2.3333283200045116,2.3333283200045116,3092375,0,729,0,,,,,True
dpll_jw,benchmarks/sudoku/sudoku_sat_03.cnf,sudoku,729,12005,SAT,2.376606031999472,2.377336401004868,2.377336401004868,3092727,0,729,0,,,,,True
cdcl,benchmarks/sudoku/sudoku_sat_03.cnf,sudoku,729,12005,SAT,0.13401451999925484,0.13406807400315301,0.13406807400315301,5129143,0,,,0,0,,0,True
walksat,benchmarks/sudoku/sudoku_sat_03.cnf,sudoku,729,12005,TIMEOUT,59.99138107499857,60.00396266900498,60.00396266900498,1992795,,,,,,,,
probsat,benchmarks/sudoku/sudoku_sat_03.cnf,sudoku,729,12005,TIMEOUT,59.986453761999655,60.00420506500086,60.00420506500086,1998511,,,,,,,,
dpll_baseline,benchmarks/sudoku/sudoku_sat_04.cnf,sudoku,729,12005,SAT,2.590712043000167,2.5911316689962405,2.5911316689962405,3092079,0,729,0,,,,,True
dpll_jw,benchmarks/sudoku/sudoku_sat_04.cnf,sudoku,729,12005,SAT,2.645756204999998,2.6466933400006383,2.6466933400006383,3091783,0,729,0,,,,,True
cdcl,benchmarks/sudoku/sudoku_sat_04.cnf,sudoku,729,12005,SAT,0.1404811829997925,0.14048217899835436,0.14048217899835436,5128007,0,,,0,0,,0,True
walksat,benchmarks/sudoku/sudoku_sat_04.cnf,sudoku,729,12005,TIMEOUT,59.99226138099948,60.00424958800431,60.00424958800431,1993171,,,,,,,,
probsat,benchmarks/sudoku/sudoku_sat_04.cnf,sudoku,729,12005,TIMEOUT,59.98887417900005,60.00431305699749,60.00431305699749,1998639,,,,,,,,
dpll_baseline,benchmarks/sudoku/sudoku_sat_05.cnf,sudoku,729,12005,SAT,2.5535721790001844,2.5553256439961842,2.5553256439961842,3091779,0,729,0,,,,,True
dpll_jw,benchmarks/sudoku/sudoku_sat_05.cnf,sudoku,729,12005,SAT,2.5588915000007546,2.5593102959974203,2.5593102959974203,3091779,0,729,0,,,,,True
cdcl,benchmarks/sudoku/sudoku_sat_05.cnf,sudoku,729,12005,SAT,0.1384232800010068,0.1384279090052587,0.1384279090052587,5129091,0,,,0,0,,0,True
walksat,benchmarks/sudoku/sudoku_sat_05.cnf,sudoku,729,12005,TIMEOUT,59.989979695999864,60.004511356004514,60.004511356004514,1987639,,,,,,,,
probsat,benchmarks/sudoku/sudoku_sat_05.cnf,sudoku,729,12005,TIMEOUT,59.990579239,60.00450349099992,60.00450349099992,2005099,,,,,,,,
dpll_baseline,benchmarks/sudoku/sudoku_sat_06.cnf,sudoku,729,12005,SAT,2.578256501999931,2.57950885000173,2.57950885000173,3092371,0,729,0,,,,,True
dpll_jw,benchmarks/sudoku/sudoku_sat_06.cnf,sudoku,729,12005,SAT,2.664827435999541,2.668020682001952,2.668020682001952,3092723,0,729,0,,,,,True
cdcl,benchmarks/sudoku/sudoku_sat_06.cnf,sudoku,729,12005,SAT,0.14216044199929456,0.14217607900354778,0.14217607900354778,5128387,0,,,0,0,,0,True
walksat,benchmarks/sudoku/sudoku_sat_06.cnf,sudoku,729,12005,TIMEOUT,59.989506141000675,60.00451430999965,60.00451430999965,1992651,,,,,,,,
probsat,benchmarks/sudoku/sudoku_sat_06.cnf,sudoku,729,12005,TIMEOUT,59.9911304519992,60.004291867000575,60.004291867000575,1998539,,,,,,,,
dpll_baseline,benchmarks/sudoku/sudoku_sat_07.cnf,sudoku,729,12005,SAT,2.6306483009993826,2.631315808997897,2.631315808997897,3092727,0,729,0,,,,,True
dpll_jw,benchmarks/sudoku/sudoku_sat_07.cnf,sudoku,729,12005,SAT,2.564850185000978,2.5653706209996017,2.5653706209996017,3092375,0,729,0,,,,,True
cdcl,benchmarks/sudoku/sudoku_sat_07.cnf,sudoku,729,12005,SAT,0.14003735299957043,0.14003323100041598,0.14003323100041598,5129223,0,,,0,0,,0,True
walksat,benchmarks/sudoku/sudoku_sat_07.cnf,sudoku,729,12005,TIMEOUT,59.990601196999705,60.005382298004406,60.005382298004406,1992795,,,,,,,,
probsat,benchmarks/sudoku/sudoku_sat_07.cnf,sudoku,729,12005,TIMEOUT,59.991158912000174,60.00426576900645,60.00426576900645,1993215,,,,,,,,
dpll_baseline,benchmarks/sudoku/sudoku_sat_08.cnf,sudoku,729,12005,SAT,2.7578945410004962,2.758999516001495,2.758999516001495,3092403,0,729,0,,,,,True
dpll_jw,benchmarks/sudoku/sudoku_sat_08.cnf,sudoku,729,12005,SAT,2.5886851899995236,2.5890990900006727,2.5890990900006727,3092403,0,729,0,,,,,True
cdcl,benchmarks/sudoku/sudoku_sat_08.cnf,sudoku,729,12005,SAT,0.14379334499972174,0.14381971699913265,0.14381971699913265,5129579,0,,,0,0,,0,True
walksat,benchmarks/sudoku/sudoku_sat_08.cnf,sudoku,729,12005,TIMEOUT,59.989447587999166,60.0047192320053,60.0047192320053,1992823,,,,,,,,
probsat,benchmarks/sudoku/sudoku_sat_08.cnf,sudoku,729,12005,TIMEOUT,59.98230529099965,60.00461445900146,60.00461445900146,1998539,,,,,,,,
dpll_baseline,benchmarks/sudoku/sudoku_sat_09.cnf,sudoku,729,12005,SAT,2.547531098000036,2.5492242030013585,2.5492242030013585,3091779,0,729,0,,,,,True
dpll_jw,benchmarks/sudoku/sudoku_sat_09.cnf,sudoku,729,12005,SAT,2.6776425579992065,2.6798298499998054,2.6798298499998054,3091899,0,729,0,,,,,True
cdcl,benchmarks/sudoku/sudoku_sat_09.cnf,sudoku,729,12005,SAT,0.1395728709994728,0.13959040599729633,0.13959040599729633,5128283,0,,,0,0,,0,True
walksat,benchmarks/sudoku/sudoku_sat_09.cnf,sudoku,729,12005,TIMEOUT,59.97953294900071,60.00447258900385,60.00447258900385,1998647,,,,,,,,
probsat,benchmarks/sudoku/sudoku_sat_09.cnf,sudoku,729,12005,TIMEOUT,59.97271342100066,60.00526319000346,60.00526319000346,1998539,,,,,,,,
dpll_baseline,benchmarks/sudoku/sudoku_sat_10.cnf,sudoku,729,12005,SAT,2.625099807000879,2.6259728810036904,2.6259728810036904,3092523,0,729,0,,,,,True
dpll_jw,benchmarks/sudoku/sudoku_sat_10.cnf,sudoku,729,12005,SAT,2.501993012998355,2.5025540279966663,2.5025540279966663,3092403,0,729,0,,,,,True
cdcl,benchmarks/sudoku/sudoku_sat_10.cnf,sudoku,729,12005,SAT,0.1361078899990389,0.13614338600018527,0.13614338600018527,5129179,0,,,0,0,,0,True
walksat,benchmarks/sudoku/sudoku_sat_10.cnf,sudoku,729,12005,TIMEOUT,59.97499052800049,60.00455847699777,60.00455847699777,1998647,,,,,,,,
probsat,benchmarks/sudoku/sudoku_sat_10.cnf,sudoku,729,12005,TIMEOUT,59.98375868600124,60.00441820099513,60.00441820099513,1999067,,,,,,,,
dpll_baseline,benchmarks/sudoku/sudoku_sat_11.cnf,sudoku,729,12005,SAT,2.712678695001159,2.7150282459988375,2.7150282459988375,3092403,0,729,0,,,,,True
dpll_jw,benchmarks/sudoku/sudoku_sat_11.cnf,sudoku,729,12005,SAT,2.5227177950000623,2.5231480980000924,2.5231480980000924,3092403,0,729,0,,,,,True
cdcl,benchmarks/sudoku/sudoku_sat_11.cnf,sudoku,729,12005,SAT,0.14513936399998784,0.14514412800053833,0.14514412800053833,5128723,0,,,0,0,,0,True
walksat,benchmarks/sudoku/sudoku_sat_11.cnf,sudoku,729,12005,TIMEOUT,59.988569045000986,60.004967821994796,60.004967821994796,1998647,,,,,,,,
probsat,benchmarks/sudoku/sudoku_sat_11.cnf,sudoku,729,12005,TIMEOUT,59.98332967800161,60.004234163003275,60.004234163003275,1998507,,,,,,,,
dpll_baseline,benchmarks/sudoku/sudoku_sat_12.cnf,sudoku,729,12005,SAT,2.4667081520001375,2.4669782769997255,2.4669782769997255,3091811,0,729,0,,,,,True
dpll_jw,benchmarks/sudoku/sudoku_sat_12.cnf,sudoku,729,12005,SAT,2.467310448999342,2.4677526990053593,2.4677526990053593,3091811,0,729,0,,,,,True
cdcl,benchmarks/sudoku/sudoku_sat_12.cnf,sudoku,729,12005,SAT,0.1408696440012136,0.14090496599965263,0.14090496599965263,5129339,0,,,0,0,,0,True
walksat,benchmarks/sudoku/sudoku_sat_12.cnf,sudoku,729,12005,TIMEOUT,59.98265997599992,60.005371587998525,60.005371587998525,1998647,,,,,,,,
probsat,benchmarks/sudoku/sudoku_sat_12.cnf,sudoku,729,12005,TIMEOUT,59.97961430400028,60.00475574399752,60.00475574399752,1998539,,,,,,,,
dpll_baseline,benchmarks/sudoku/sudoku_sat_13.cnf,sudoku,729,12005,SAT,2.4881509819988423,2.4900457270050538,2.4900457270050538,3092491,0,729,0,,,,,True
dpll_jw,benchmarks/sudoku/sudoku_sat_13.cnf,sudoku,729,12005,SAT,2.474768052001309,2.476170682006341,2.476170682006341,3092371,0,729,0,,,,,True
cdcl,benchmarks/sudoku/sudoku_sat_13.cnf,sudoku,729,12005,SAT,0.13006717999996908,0.1300647200041567,0.1300647200041567,5129835,0,,,0,0,,0,True
walksat,benchmarks/sudoku/sudoku_sat_13.cnf,sudoku,729,12005,TIMEOUT,59.94923696300066,60.004524080999545,60.004524080999545,1992823,,,,,,,,
probsat,benchmarks/sudoku/sudoku_sat_13.cnf,sudoku,729,12005,TIMEOUT,59.96073115299987,60.0046594680025,60.0046594680025,1990123,,,,,,,,
dpll_baseline,benchmarks/sudoku/sudoku_sat_14.cnf,sudoku,729,12005,SAT,3.165627587999552,3.1694227119951393,3.1694227119951393,3092699,0,729,0,,,,,True
dpll_jw,benchmarks/sudoku/sudoku_sat_14.cnf,sudoku,729,12005,SAT,2.6825580570002785,2.684937735000858,2.684937735000858,3092403,0,729,0,,,,,True
cdcl,benchmarks/sudoku/sudoku_sat_14.cnf,sudoku,729,12005,SAT,0.13604344300074445,0.13604000100167468,0.13604000100167468,5128899,0,,,0,0,,0,True
walksat,benchmarks/sudoku/sudoku_sat_14.cnf,sudoku,729,12005,TIMEOUT,59.95789807000074,60.00477718500042,60.00477718500042,1999023,,,,,,,,
probsat,benchmarks/sudoku/sudoku_sat_14.cnf,sudoku,729,12005,TIMEOUT,59.94442342700131,60.004401117999805,60.004401117999805,1992843,,,,,,,,
dpll_baseline,benchmarks/sudoku/sudoku_sat_15.cnf,sudoku,729,12005,SAT,2.6058650630002376,2.6078175119982916,2.6078175119982916,3091779,0,729,0,,,,,True
dpll_jw,benchmarks/sudoku/sudoku_sat_15.cnf,sudoku,729,12005,SAT,2.6732004249988677,2.676111168002535,2.676111168002535,3091779,0,729,0,,,,,True
cdcl,benchmarks/sudoku/sudoku_sat_15.cnf,sudoku,729,12005,SAT,0.1460392530007084,0.14622075499937637,0.14622075499937637,5128563,0,,,0,0,,0,True
walksat,benchmarks/sudoku/sudoku_sat_15.cnf,sudoku,729,12005,TIMEOUT,59.95140180999988,60.00465399499808,60.00465399499808,1998583,,,,,,,,
probsat,benchmarks/sudoku/sudoku_sat_15.cnf,sudoku,729,12005,TIMEOUT,59.958679139001106,60.00437765500101,60.00437765500101,1992715,,,,,,,,
dpll_baseline,benchmarks/sudoku/sudoku_sat_16.cnf,sudoku,729,12005,SAT,2.862595542001145,2.863973278996127,2.863973278996127,3091751,0,729,0,,,,,True
dpll_jw,benchmarks/sudoku/sudoku_sat_16.cnf,sudoku,729,12005,SAT,3.364029622000089,3.3677769280038774,3.3677769280038774,3092103,0,729,0,,,,,True
cdcl,benchmarks/sudoku/sudoku_sat_16.cnf,sudoku,729,12005,SAT,0.1480147139991459,0.1480666569987079,0.1480666569987079,5128383,0,,,0,0,,0,True
walksat,benchmarks/sudoku/sudoku_sat_16.cnf,sudoku,729,12005,TIMEOUT,59.96087104400067,60.004730598004244,60.004730598004244,1998511,,,,,,,,
probsat,benchmarks/sudoku/sudoku_sat_16.cnf,sudoku,729,12005,TIMEOUT,59.95485011100027,60.004453061003005,60.004453061003005,1998511,,,,,,,,
dpll_baseline,benchmarks/sudoku/sudoku_sat_17.cnf,sudoku,729,12005,SAT,2.854729529000906,2.857775089003553,2.857775089003553,3092755,0,729,0,,,,,True
dpll_jw,benchmarks/sudoku/sudoku_sat_17.cnf,sudoku,729,12005,SAT,2.8902644099998724,2.893183519001468,2.893183519001468,3092403,0,729,0,,,,,True
cdcl,benchmarks/sudoku/sudoku_sat_17.cnf,sudoku,729,12005,SAT,0.14536338099969726,0.14548701800231356,0.14548701800231356,5128067,0,,,0,0,,0,True
walksat,benchmarks/sudoku/sudoku_sat_17.cnf,sudoku,729,12005,TIMEOUT,59.95480473899988,60.00507911200111,60.00507911200111,1998647,,,,,,,,
probsat,benchmarks/sudoku/sudoku_sat_17.cnf,sudoku,729,12005,TIMEOUT,59.955436336000275,60.008452096997644,60.008452096997644,1999067,,,,,,,,
dpll_baseline,benchmarks/sudoku/sudoku_sat_18.cnf,sudoku,729,12005,SAT,2.8539506119996076,2.85624581999582,2.85624581999582,3092375,0,729,0,,,,,True
dpll_jw,benchmarks/sudoku/sudoku_sat_18.cnf,sudoku,729,12005,SAT,3.197661291998884,3.203511132996937,3.203511132996937,3092375,0,729,0,,,,,True
cdcl,benchmarks/sudoku/sudoku_sat_18.cnf,sudoku,729,12005,SAT,0.17155991199979326,0.17179347499768483,0.17179347499768483,5129519,0,,,0,0,,0,True
walksat,benchmarks/sudoku/sudoku_sat_18.cnf,sudoku,729,12005,TIMEOUT,59.94003805000102,60.01009093200264,60.01009093200264,1998619,,,,,,,,
probsat,benchmarks/sudoku/sudoku_sat_18.cnf,sudoku,729,12005,TIMEOUT,59.95018763199914,60.00490489000367,60.00490489000367,1998511,,,,,,,,
dpll_baseline,benchmarks/sudoku/sudoku_sat_19.cnf,sudoku,729,12005,SAT,2.8274005469993426,2.8294381290033925,2.8294381290033925,3091779,0,729,0,,,,,True
dpll_jw,benchmarks/sudoku/sudoku_sat_19.cnf,sudoku,729,12005,SAT,2.8950668449997465,2.8971699999965494,2.8971699999965494,3091899,0,729,0,,,,,True
cdcl,benchmarks/sudoku/sudoku_sat_19.cnf,sudoku,729,12005,SAT,0.14749611700062815,0.14751430100295693,0.14751430100295693,5127795,0,,,0,0,,0,True
walksat,benchmarks/sudoku/sudoku_sat_19.cnf,sudoku,729,12005,TIMEOUT,59.93786996500057,60.005257083998,60.005257083998,1992683,,,,,,,,
probsat,benchmarks/sudoku/sudoku_sat_19.cnf,sudoku,729,12005,TIMEOUT,59.94876061700052,60.00499082500028,60.00499082500028,1998539,,,,,,,,
dpll_baseline,benchmarks/sudoku/sudoku_sat_20.cnf,sudoku,729,12005,SAT,2.871241659999214,2.8736462969973218,2.8736462969973218,3091872,0,729,0,,,,,True
dpll_jw,benchmarks/sudoku/sudoku_sat_20.cnf,sudoku,729,12005,SAT,2.871147194999139,2.8740679350012215,2.8740679350012215,3091811,0,729,0,,,,,True
cdcl,benchmarks/sudoku/sudoku_sat_20.cnf,sudoku,729,12005,SAT,0.14728953600024397,0.14743884399649687,0.14743884399649687,5128563,0,,,0,0,,0,True
walksat,benchmarks/sudoku/sudoku_sat_20.cnf,sudoku,729,12005,TIMEOUT,59.947688918000495,60.00503452299745,60.00503452299745,1987639,,,,,,,,
probsat,benchmarks/sudoku/sudoku_sat_20.cnf,sudoku,729,12005,TIMEOUT,59.949800074999075,60.00489797800401,60.00489797800401,1999067,,,,,,,,
dpll_baseline,benchmarks/sudoku/sudoku_unsat_01.cnf,sudoku,729,12005,SAT,2.9373195099997247,2.940626745999907,2.940626745999907,3092371,0,729,0,,,,,True
dpll_jw,benchmarks/sudoku/sudoku_unsat_01.cnf,sudoku,729,12005,SAT,2.99546345699855,2.999205806001555,2.999205806001555,3092371,0,729,0,,,,,True
cdcl,benchmarks/sudoku/sudoku_unsat_01.cnf,sudoku,729,12005,SAT,0.15447313499862503,0.15463741500570904,0.15463741500570904,5127843,0,,,0,0,,0,True
walksat,benchmarks/sudoku/sudoku_unsat_01.cnf,sudoku,729,12005,TIMEOUT,59.954187396000634,60.00480319200142,60.00480319200142,1992823,,,,,,,,
probsat,benchmarks/sudoku/sudoku_unsat_01.cnf,sudoku,729,12005,TIMEOUT,59.95987215800051,60.004989952998585,60.004989952998585,1998539,,,,,,,,
dpll_baseline,benchmarks/sudoku/sudoku_unsat_02.cnf,sudoku,729,12005,UNSAT,1.375800044999778,1.3771646180030075,1.3771646180030075,3092403,0,181,0,,,,,
dpll_jw,benchmarks/sudoku/sudoku_unsat_02.cnf,sudoku,729,12005,UNSAT,1.3430134879999969,1.344576170995424,1.344576170995424,3092403,0,181,0,,,,,
cdcl,benchmarks/sudoku/sudoku_unsat_02.cnf,sudoku,729,12005,UNSAT,0.14580891399964457,0.14590882299671648,0.14590882299671648,5017299,0,,,0,0,,0,
walksat,benchmarks/sudoku/sudoku_unsat_02.cnf,sudoku,729,12005,TIMEOUT,59.96740839700033,60.01007371300511,60.01007371300511,1998647,,,,,,,,
probsat,benchmarks/sudoku/sudoku_unsat_02.cnf,sudoku,729,12005,TIMEOUT,59.97081474799961,60.0054265170038,60.0054265170038,1998539,,,,,,,,
dpll_baseline,benchmarks/sudoku/sudoku_unsat_03.cnf,sudoku,729,12005,UNSAT,2.2021013459998358,2.2036906700013787,2.2036906700013787,3092523,0,342,0,,,,,
dpll_jw,benchmarks/sudoku/sudoku_unsat_03.cnf,sudoku,729,12005,UNSAT,2.22208084399972,2.224607021002157,2.224607021002157,3092403,0,342,0,,,,,
cdcl,benchmarks/sudoku/sudoku_unsat_03.cnf,sudoku,729,12005,UNSAT,0.1366765540005872,0.13667920499574393,0.13667920499574393,4995403,0,,,0,0,,0,
walksat,benchmarks/sudoku/sudoku_unsat_03.cnf,sudoku,729,12005,TIMEOUT,59.963759211999786,60.005285835002724,60.005285835002724,1998647,,,,,,,,
probsat,benchmarks/sudoku/sudoku_unsat_03.cnf,sudoku,729,12005,TIMEOUT,59.962777100001404,60.005077130001155,60.005077130001155,1998539,,,,,,,,
dpll_baseline,benchmarks/sudoku/sudoku_unsat_04.cnf,sudoku,729,12005,UNSAT,2.498349352999867,2.500582264001423,2.500582264001423,3092047,0,406,0,,,,,
dpll_jw,benchmarks/sudoku/sudoku_unsat_04.cnf,sudoku,729,12005,UNSAT,2.707814053999755,2.710322279999673,2.710322279999673,3091751,0,406,0,,,,,
cdcl,benchmarks/sudoku/sudoku_unsat_04.cnf,sudoku,729,12005,UNSAT,0.14388718800000788,0.1439105980025488,0.1439105980025488,4990239,0,,,0,0,,0,
walksat,benchmarks/sudoku/sudoku_unsat_04.cnf,sudoku,729,12005,TIMEOUT,59.94210226499854,60.017951570996956,60.017951570996956,1998995,,,,,,,,
probsat,benchmarks/sudoku/sudoku_unsat_04.cnf,sudoku,729,12005,TIMEOUT,59.91447325499939,60.00832337199972,60.00832337199972,1998639,,,,,,,,
dpll_baseline,benchmarks/sudoku/sudoku_unsat_05.cnf,sudoku,729,12005,UNSAT,4.451375234000807,4.457463088001532,4.457463088001532,3092403,0,434,0,,,,,
dpll_jw,benchmarks/sudoku/sudoku_unsat_05.cnf,sudoku,729,12005,UNSAT,4.445295321000231,4.449658363999333,4.449658363999333,3092403,0,434,0,,,,,
cdcl,benchmarks/sudoku/sudoku_unsat_05.cnf,sudoku,729,12005,UNSAT,0.3033608480000112,0.3040119829965988,0.3040119829965988,4990779,0,,,0,0,,0,
walksat,benchmarks/sudoku/sudoku_unsat_05.cnf,sudoku,729,12005,TIMEOUT,59.91298208399894,60.01112541800103,60.01112541800103,1998647,,,,,,,,
probsat,benchmarks/sudoku/sudoku_unsat_05.cnf,sudoku,729,12005,TIMEOUT,59.90386438799942,60.00868016899767,60.00868016899767,1998539,,,,,,,,
